,Name,Web Site,Phone Number,Map,Indoor or Outdoor:,Estimated Cost,Facebook Page,Image Link,Pickleball Nets,Parking,Email Address,Comments,Restroom,How to contact other players,water fountain,Caution,Bathroom,Court Surface,Time,Lights
0,Auburn Community and Event Center (Auburn)                                Also known as Gymnasium at Les Gove Park (Auburn),http://www.auburnwa.gov/play,(253) 931-3043,"910 9th St SE, Auburn, WA 98002",Indoor,$,,,,,,,,,,,,,,
1,Auburn Valley YMCA (Auburn),http://www.seattleymca.org/locations/auburn-valley-ymca,(253) 833-2770,"1620 Perimeter Rd SW, Auburn, WA 98001",Indoor,"Free for members, daily fee for non-members.",https://www.facebook.com/AuburnValleyYMCA/,,,,,,,,,,,,,
2,Five Mile Lake Park (Auburn),http://www.kingcounty.gov/services/parks-recreation/parks/parks-and-natural-lands/parksatoz.aspx,,"36429 44th Ave S, Auburn, WA 98001",Outdoor,Free,https://www.facebook.com/pages/5-Mile-Lake/165040780227460,2 courts.,You will have to bring your own pickleball net,,,,,,,,,,,
3,Game Farm Park (Auburn),http://www.auburnwa.gov/things_to_do/...,,"Dedicated courts:                                            3030 R St SE, Auburn, Washington 98002Shared courts:                                            3030 R St SE, Auburn, Washington 98002",Public outdoor courts,Bring your own net to play on the shared tennis and pickleball courts.                                                                                        The dedicated pickleball courts have permanent nets.,https://www.facebook.com/pages/Game-Farm-Park/125461140834682,,"4 dedicated pickleball courts and                                                                                        4 public tennis courts, each with lines for 2 pickleball courts",Free,,,,,,,,,,
4,Scootie Brown Park (Auburn),http://www.auburnwa.gov/things_to_do/...,,"1403 Henry Rd, Auburn, Washington 98002",Public outdoor court,1,https://www.facebook.com/pages/Scootie-Brown-Park/122531214599949,,,Free,,,,,,,,,,
5,Shaughnessy Park (Auburn),http://www.auburnwa.gov/things_to_do/...,,"3302 21st St SE, Auburn, Washington 98002",Public outdoor court,1,https://www.facebook.com/pages/Shaugnessy-Park/163247250482884,,,Free,,,,,,,,,,
6,North Bellevue Community Center's                                    Hidden Valley Field House (Bellevue)                                Also known as the Bellevue Boys and Girls Club Gym,https://parks.bellevuewa.gov/parks-and-trails/parks/hidden-valley-park/,(425) 452-7681,"1903 112th Ave NE, Bellevue, WA 98004",Indoor,,,,,,dlassiter@bellevuewa.gov,3 courts,,,,,,,,
7,Bellevue Family YMCA (Bellevue),http://www.seattleymca.org/locations/bellevue-family-ymca,(425) 746-9900,"14230 Bel Red Rd, Bellevue, WA 98007",Indoor,3 courts,https://www.facebook.com/BellevueFamilyYMCA,,,,,,,,,,,,,
8,Bellevue Tennis Academy (a.k.a. Gorin Tennis Bellevue) (Bellevue),https://www.gorintennis.com/bellevue/,(425) 256-3179,,,,https://www.facebook.com/gorintennis,,,,bellevuecustomercare@gorintennis.com,,,,,,,,,
9,Cherry Crest  Mini Park (Bellevue),https://bellevuewa.gov/.../cherry-crest-mini-park,,"2532 127th Ave NE, Bellevue, WA 98005",Outdoor,1 tennis courts lined for pickleball using the tennis net.,,,Street Parking,Free,,,,,,,,,,
10,Crossroads Community Center (Bellevue),https://bellevuewa.gov/city-government/departments/parks/community-centers/crossroads,(425) 452-4874,"16000 NE 10th St, Bellevue, WA 98008",Indoor,3 courts,https://www.facebook.com/pages/Crossroads-Community-Center/199758873373715,,,Free,ccc@bellevuewa.gov,,,,,,,,,
11,Crossroads  Park (Bellevue),https://bellevuewa.gov/city-government/departments/parks/parks-and-trails/parks/crossroads-park,,"16000 NE 10th St, Bellevue, WA 98008",Outdoor,"2 tennis courts, each one of them lined for pickleball using the tennis net.",,,Off-Street Parking,Free,,,,,,,,,,
12,Eastgate Park (Bellevue),https://bellevuewa.gov/city-government/departments/parks/parks-and-trails/parks/eastgate-park,,"14500 SE Newport Way, Bellevue, WA 98006",Outdoor,"2 tennis courts, each with lines for 2 pickleball courts                                            for a total of                                                                                        4 pickleball courts.",,,Free,No court lights,,,Four roll-away semi-permanent pickleball nets are available on the courts,,,,,,,
13,Enatai Neighborhood Park (Bellevue),https://parks.bellevuewa.gov/parks-and-trails/parks/enatai-neighborhood-park/,,"10661 SE 25th St, Bellevue, WA 98008",Outdoor,2 pickleball courts planned for 2023,,,,Free,,Off Street Parking,,,,,,,,
14,Highland  Park (Bellevue),https://bellevuewa.gov/city-government/departments/parks/parks-and-trails/parks/highland-park,,"14224 Bel-Red Road, Bellevue, WA 98007",Outdoor,"2 tennis courts, each one of them lined for pickleball using the tennis net.                                                                                            These tennis courts will be restriped in 2023 to have 4 pickleball courts.",,,Off-Street Parking,Free,,,,,,,,,,
15,Hillaire Park (Bellevue),https://parks.bellevuewa.gov/parks-and-trails/parks/hillaire-park/,,"15803 NE 6th Street, Bellevue, WA 98008",Outdoor,1 dedicated pickleball court                                                                                        2 pickleball courts on one tennis court.                                                                                        2 more pickleball courts on the other tennis court                                            coming in 2023.,,,,,,,,,,,,,,
16,International School (Bellevue),http://www.bsd405.org/international/,,"445 128th Ave SE, Bellevue, WA 98005",Public outdoor courts,6 courts,,,,"As of March 2019, the pickleball courts are never locked,                                            and have not been locked for months.                                            Hopefully they will stay open and free for everyone to use.                                            On school days, you can use the courts after school,                                            unless there are after-school events.                                            On weekends and other non-school days, the courts are free to use anytime.",,,,Use the school's upper parking lot.  What looks like a lower parking lot                                            is actually a receiving area and needs to be kept vacant at all times.,,,,,,
17,Lakemont Community Park (Bellevue),https://bellevuewa.gov/city-government/departments/parks/parks-and-trails/parks/lakemont-community-park,,"5170 Village Park Drive SE, Bellevue, WA 98006",Outdoor,Water fountain,,,Free,No court lights,,,Use the tennis net as a pickleball net,,"2 tennis courts, each one of them lined for pickleball using the tennis net.                                                                                            These tennis courts will be restriped in 2023                                                to have a total of 4 pickleball courts.",,,,,
18,North Bellevue Community Center (Bellevue),https://parks.bellevuewa.gov/community-centers/north-bellevue-community-center/,(425) 452-7681,"4063 148th Avenue NE, Bellevue, WA 98007",Indoor,2 courts,https://www.facebook.com/pages/North-Bellevue-Community-Center/111386052251994,,,$,,Off Street Parking,,,,,,,,
19,Norwood Village Neighborhood Park (Bellevue),https://bellevuewa.gov/city-government/departments/parks/parks-and-trails/parks/norwood-village-neighborhood-park,,"12309 SE 23rd Place, Bellevue, WA 98005",Outdoor,"2 tennis courts, each one of them lined for pickleball using the tennis net.",,,Off-Street Parking,Free,,,,,,,,,,
20,Robinswood Tennis Center (Bellevue),https://bellevuewa.gov/.../robinswood-tennis-center,(425) 452-7690,"2400 151st Pl SE,                                                Bellevue, WA 98007",Indoor,2 indoor tennis courts each with lines for 1 pickleball court                                            for a total of                                                                                        2 pickleball courts.                                            The tennis nets serve as the pickleball nets.,,,,$,robinswoodinfo@bellevuewa.gov,,,,,"The tennis courts in the bubble have lines for pickleball.                                                                                            The Bellevue Parks Department counts these two courts                                                in its inventory of pickleball courts.                                                                                        As of December 9th 2022, the Robinswood Tennis Center front desk didn't want to rent those courts for pickleball.",,,,
21,South Bellevue Community Center Fitness Center (Bellevue),https://parks.bellevuewa.gov/community-centers/sbcc/south-bellevue-community-center-fitness-center/,(425) 452-4240,"14509 SE Newport Way, Bellevue, WA 98009",Indoor,3 to 6 courts,,,,$,SBCC@BellevueWA.gov,,,,,,,,,
22,Spiritridge  Park (Bellevue),https://bellevuewa.gov/.../spiritridge-park,,"16100 SE 33rd Pl, Bellevue, WA 98008",Outdoor,1 tennis court that will be striped in 2023                                                to have 2 pickleball courts.,,,Off-Street Parking,Free,,,,,,,,,,
23,Zumdieck Park (Bellevue),https://bellevuewa.gov/city-government/departments/parks/parks-and-trails/parks/zumdieck-park/,,"1500 108th Ave NE, Bellevue, WA 98004",Outdoor,"2 tennis courts, one of them lined for pickleball using the tennis net",,,,Free,,,,,,,,,,
24,Brick Yard Road Park (Bothell),https://www.bothellwa.gov/1024/Brickyard-Road-Park,,"16800 Brickyard Rd NE, Bothell, WA 98011",outdoor,No water fountain,,,1 court,No Bathroom,,,,,,,No court lights,,,
25,Conifer View Park (Bothell),https://www.bothellwa.gov/1037/Conifer-View-Park,,"9055 NE 195th St, Bothell, WA 98011",outdoor,No water fountain,,,1 court,No Bathroom,,,,,,,No court lights,,,
26,Northshore YMCA (Bothell),https://www.seattleymca.org/locations/northshore-ymca,(425) 485-9797,"11811 NE 195th St, Bothell, Washington 98011",Indoor,"Free for members, daily fee for non-members.",https://www.facebook.com/NorthshoreYMCA/,,,,,,,,,,,,,
27,Northshore Senior Center (Bothell),http://www.northshoreseniorcenter.org/...,(425) 487-2441,"10201 E Riverside Dr, Bothell, WA 98011",Indoor,$,https://www.facebook.com/Northshore-Senior-Center-348956115009/,,,,,,,,,,,,,
28,The Ridge  Activity Center (Bothell),https://www.theridge.funhttps://pos.theridge.fun/theridgeac/...,(425) 892-9821,"3827 Maltby Road Bothell, WA 98012",3 indoor courts.                                                                                        3 outdoor courts.                                                                                        Reservations required.,Water available during business hours,https://www.facebook.com/ridgeactivitycenter,,No net included - Rental additional,"Fall 2022: $15/hour for all three outdoor courts,                                                                                        $50/hour for all three indoor courts",,,Restroom available during business hours,,,,,,,
29,Royal Oaks Park (Bothell),https://www.bothellwa.gov/1042/Royal-Oaks-Park,,"20155 106th Ave NE, Bothell, WA 98011",Outdoor,No Bathroom,,,1 court,No water fountain,,Free,,,,,No court lights,,,
30,William Penn Park (Bothell),https://www.bothellwa.gov/1445/William-Penn-Park,,"19900 100th Ave NE, Bothell, WA 98011",Outdoor,No Bathroom,,,1 court,Free,,,,,Bring your own net,,Water fountain was not functioning in August 2021,,,
31,Highline Athletic Club (Burien),,,,,,,,,,,,,,,,,,,
32,Highline High School Pickleball and Tennis Courts (Burien),https://www.highlineschools.org/departments/communications/news/new-posts/~board/district-news/post/new-hhs-tennis-courts-under-construction-at-sunnydale,,"675 S 156th St, Burien, WA 98148",Outdoor,Use the tennis net as a pickleball net,,,"4 tennis courts, each with lines for 1 pickleball court                                            for a total of                                                                                        4 pickleball courts.                                            The tennis nets serve as the pickleball nets.",Free,,Off-street parking,,,,,,,,
33,Lake Burien School Memorial Park (Burien),https://www.burienwa.gov/residents/...,,"1620 SW 149th Street                                                Burien, Washington 98166",Outdoor,Use the tennis net as a pickleball net,https://www.facebook.com/pages/Lake-Burien-Park/128584477187905,,2 courts. (2 tennis courts; 1 pickleball court on each tennis court).,No court lights,,,Restroom,,Water fountain,,,,,
34,Covington Community Park,https://www.covingtonwa.gov/city_departments/...,,"24253 180th Ave SE, Kent, WA 98042",Public outdoor courts,No lights,https://www.facebook.com/pages/Covington Community Park/112723102204842/,,Restroom,2 pickleball courts OR                                            1 tennis court,,,Free,,,,,Asphalt or concrete,,
35,Des Moines Field House Park (Des Moines),,(206) 870-6527,"1000 S 220th St, Des Moines, WA 98198",Public outdoor courts,2 tennis courts OR                                                                                        2 pickleball courts using the tennis net as a pickleball net,https://www.facebook.com/desmoines...,,,,,,,,,,,,,
36,Frances Anderson Center (Edmonds),http://www.edmondswa.gov/parks-recreation-departments/classes-programs.htmlEdmonds Pickleball Facebook group,(425) 771-0229                                            (425) 771-0230,"700 Main Street Edmonds, WA 98020",Indoor,$,https://www.facebook.com/pages/Frances-Anderson-Center/213815508652175,,,,Todd.Cort@edmondswa.gov,,,,,,,,,
37,Seaview Park (Edmonds),http://www.edmondswa.gov/visit-a-park-text-15/parks-map/seaview-park.html,,"8030 185th St SW, Edmonds WA 98020",Public outdoor courts,8 portable nets are on site from March to October.,,,2 tennis courts with added lines for 2 pickleball courts on each tennis court.,,,,,Free,,,,,,
38,Yost Park (Edmonds),http://www.edmondswa.gov/visit-a-park-text-15/parks-map/yost-park.html,,"9535 Bowdoin Way, Edmonds WA 98020",Public outdoor courts,8 a.m. to dusk.                                            Please don't start before 8 a.m. so as to no disturb the neighbors.,https://www.facebook.com/pages/Yost-Park-Edmonds/589030701235593,,"4 dedicated pickleball courts, and                                            1 tennis court with added lines for 4 pickleball courts",,,Free,,"Donald says ""a group of us play there Sundays at 1:30 all year.""                                                                                        Patrick says ""Nice weather brings out 'advanced' play on Saturdays with upwards of 20-30 players.                                            Sunday is geared mostly towards 'beginner' or 'recreational' players.                                            Parking on-site is free with additional street parking as needed.                                            These courts have become the go to outdoor courts in the north end.""",,,,,8 pickleball nets are available from spring to fall.,
39,American Legion Memorial Park (Everett),https://everettwa.gov/Facilities/Facility/Details/Legion-Memorial-Park-47https://www.everettwa.gov/2737/Pickle-Ball-Courts,,"145 Alverson Blvd, Everett, WA 98201",Outdoor,1 court,www.facebook.com/pages/American Legion Memorial Park/146227712072697/,,Off-street parking,Free,,,,,,,,,,
40,Everett Family YMCA,https://ymca-snoco.org/our-locations/everett-ymca/,(425) 258-9211,"2720 Rockefeller Ave, Everett, WA 98201",Indoor,1,https://www.facebook.com/YMCAEverett/,,,,,,,,,,,,,
41,Forest Park (Everett),https://everettwa.gov/Facilities/Facility/Details/Forest-Park-23https://www.everettwa.gov/2737/Pickle-Ball-Courts,,"802 E Mukilteo Blvd Everett, WA 98203",Outdoor,2 courts,"https://www.facebook.com/pages/Forest Park, Everett/442167922470472/",,Off-street parking,Free,,,,,,,,,,
42,Garfield Park (Everett),https://everettwa.gov/Facilities/Facility/Details/Garfield-Park-24https://www.everettwa.gov/2737/Pickle-Ball-Courts,,"2300 Walnut St., Everett, WA 98201",Outdoor,1 court,https://www.facebook.com/pages/Garfield-Park/276452795699297,,"Off-street parking:                                                                                                On the East side of State Street, between 23rd and 24th Street.                                                                                                    On the North side of 24th Street, between Walnut Street and State Street",Free,,,,,,,,,,
43,Lowell Park (Everett),https://everettwa.gov/Facilities/Facility/Details/Lowell-Park-31https://www.everettwa.gov/2737/Pickle-Ball-Courts,,"4605 S 3rd Ave, Everett, WA 98201",Outdoor,1 court,https://www.facebook.com/pages/Lowell Park/1453286608288745/,,Off-street parking,Free,,,,,,,,,,
44,Mill Creek Family YMCA (Everett),https://ymca-snoco.org/our-locations/mill-creek-ymca/,(425) 337-0123,"13723 Puget Park Dr, Everett, WA 98208",Indoor,2 courts,https://www.facebook.com/ymcamillcreek,,,,,,,,,,,,,
45,Federal Way Community Center (Federal Way),http://itallhappenshere.org/,(253) 835-6900,"876 S 333rd St, Federal Way, WA 98003",Indoor,$,https://www.facebook.com/fwcommunitycenter/,,,Off Street Parking,,,,,,,,,,
46,SW 312th Sports Court (Federal Way),http://www.cityoffederalway.com/page/neighborhood-parks,,"SW 312th & 11th Ave SW, Federal Way, WAÂ 98003",Public outdoor court,1,https://www.facebook.com/pages/SW-312th-Sports-Courts/1051306571554603,,,Free,,,,,,,,,,
47,Blackberry Park (Issaquah),,,"4214 191st Ave SE, Issaquah, WA 98027",Public outdoor court,1,,,,,parksrecreation@issaquahwa.gov,Free,,,,,,,,
48,Central Park - Issaquah Higlands Pickleball and Tennis Courts (Issaquah),https://www.issaquahwa.gov/3287/Pickleball...,,"1907 NE Park Dr, Issaquah, WA 98029",Public outdoor courts,"3 (2 outdoor tennis courts.                                            One has lines for one pickleball court on each side of the tennis net.                                            The other one has lines for one pickleball court, using the tennis net as the pickleball net)",https://www.facebook.com/pages/Central-Park/288151354619287,,Off-street parking,Free,,,,,,,,,,
49,Issaquah Community Center (Issaquah),http://www.ci.issaquah.wa.us/index.aspx?NID=768,(425) 837-3300,"301 Rainier Blvd. S., Issaquah, WA 98027",Indoor,3 courts,https://www.facebook.com/pages/Issaquah-Community-Center/144930588874848,,,,parksrecreation@issaquahwa.gov,,,,,,,Carpet,,
50,Meerwood Park (Issaquah),https://issaquahwa.gov/Facilities/Facility/...,,"4703 192nd Ave SE, Issaquah, WA 98027",Public outdoor court,2,https://www.facebook.com/pages/Meerwood Park/147836988693847/,,Free,,,,,,,,,,,
51,Tibbetts Valley Park (Issaquah),https://issaquahwa.gov/Facilities/...,,"750 17th Ave NW, Issaquah, WA 98027",Public outdoor court,"2 (4 outdoor tennis courts, one of which has lines for one pickleball court on each side of the tennis net)",https://www.facebook.com/pages/Tibbets Valley Park/120834847969023/,,Off-street parking,Free,,,,,,,,,,
52,The Lodge at St Edward Park (Kenmore),https://www.thelodgeatstedward.com/things-to-do/pickleball,(425) 470-6500,"14477 Juanita Drive Northeast, Kenmore, WA 98028",Indoor,Hardwood,https://www.facebook.com/lodgeatstedwardpark,,,$,,,,,,,,4 courts,,
53,Canterbury Park (Kent),http://www.kentwa.gov/Home/Components/...,,"24409 100th Ave SE, Kent, WA 98030",Outdoor,1 court,https://www.facebook.com/pages/Canterbury-Park/133334853404632,,,,,,,,,,,,,
54,Kent Commons Community Center (Kent),http://kentwa.gov/kentcommons/,(253) 856-5000,"525 Fourth Ave N Kent, WA 98032",Indoor,$,https://www.facebook.com/pages/Kent-Commons/138157442892774,,,,,,,,,,,,,
55,Kent YMCA (Kent),https://www.seattleymca.org/locations/kent-ymca,(253) 246-8515,"10828 SE 248th St, Kent, WA 98030",Indoor,"Free for members, daily fee for non-members.",https://www.facebook.com/KentYMCA/,,,,,,,,,,,,,
56,Eastside Tennis Center (Kirkland),http://topskirkland.org/,(425) 658-4046,"10822 117th Place NE, Kirkland, WA 98033. At the end of the street, take a right towards the far end of the building.",Indoor,$,https://www.facebook.com/Outreach...,"3 pickleball courts. The court lines are a mix of youth tennis court white lines and blue masking tape.  It takes a little getting used to, but it works.",,Off-street parking,,,,A group of Redmond Ridge Trilogy residents play at the Eastside Tennis Center on weekday mornings.,,,,Asphalt or concrete,,
57,Everest Park (Kirkland),https://www.kirklandwa.gov/.../Everest-Park,,"500 8th St S, Kirkland, WA 98033",Public outdoor dedicated pickleball courts,3,https://www.facebook.com/pages/Everest-Park/122258877823598https://www.facebook.com/kirklandparks,,,Free,eparks@kirklandwa.gov,,,,,,,,,
58,Feriton Spur Park (Kirkland),https://www.kirklandwa.gov/.../Feriton-Spur-Park,,"509 6th Street South, Kirkland 98033",Outdoor,Net provided.,https://www.facebook.com/kirklandparks,,1 public dedicated pickleball court,,eparks@kirklandwa.gov,,,,,,,,,
59,Mark Twain Park (Kirkland),http://www.kirklandwa.gov/.../Mark-Twain-Park,,"10625 132nd Ave NE, Kirkland, WA 98033",Outdoor,You will have to bring a pickleball net.,https://www.facebook.com/kirklandparks,,1 basketball court with pickleball lines,,eparks@kirklandwa.gov,,,,,,,,,
60,North Kirkland  Community Center (Kirkland),https://www.kirklandwa.gov/depart/parks/...,(425) 587-3350,"12421 103rd Ave NE, Kirkland, WA 98034",indoor,1 (One full-size court or two modified courts available),https://www.facebook.com/pages/North-Kirkland-community-center/207459436044681,,,$3 per participant as of February 2023,eparks@kirklandwa.gov,,,,,,,,,
61,Van Aalst Park (Kirkland),http://www.kirklandwa.gov/.../Van-Aalst-Park,,"335 13th Ave, Kirkland, WA 98033",Outdoor,Net provided.,https://www.facebook.com/kirklandparks,,"1 pickleball court with ""plastic tile surfacing""",Free,eparks@kirklandwa.gov,,,,,,,,,
62,Horizon View Park (Lake Forest Park),https://www.cityoflfp.gov/305/Horizon-View-Park,,"19800 47th Ave NE, 19800 47th Ave NE",Outdoor,"1 tennis court with lines for                                            1 pickleball court for now,                                            but 2 pickleball courts probably in late summer 2023.",https://www.facebook.com/pages/Horizon-View-Park/163068770408420,,Free,No lights,,,,,,,,,,
63,Academy Sports Center (Lynnwood),https://www.academyvb.com/pickleball,(425) 745-0866,"2810 Lincoln Way, Lynnwood, WA 98087",Indoor,4,https://www.facebook.com/profile.php?id=100045777686949,,,$,pickleball@academyvb.com,,,,,,,Hardwood,,
64,South Lynnwood Park (Lynnwood),https://www.lynnwoodwa.gov/Community/Play-Lynnwood/Parks-Trails-and-Open-Space/South-Lynnwood-Park,(425) 670-5732,"20915 61st Ave W, Lynnwood, WA 98036",Outdoor,2 tennis courts with lines for 4 pickleball courts.,https://www.facebook.com/pages/South Lynnwood Park/536782636408559/,,Free,,,,,,,,,,,
65,Luther Burbank Park Pickleball Courts (Mercer Island),https://www.mercerisland.gov/parksrec/page/luther-burbank-park,(206) 236-3545,"2040 84th Ave SE, Mercer Island, WA 98040",Outdoor,"3 tennis courts, each with added lines for one pickleball court.",https://www.facebook.com/pages/Luther Burbank Park/142511822447934/,,Pickleball lines are now painted. No more tape!,Free,,Off-street parking,,Players organize games on                                                                                            PlayTime Scheduler,,,,Asphalt or concrete,,
66,Mercer Island  Community & Event Center Gymnasium (Mercer Island),http://www.mercergov.org/Page.asp?NavID=1951,Community Center: (206) 275-7609; Gym Hotline: (206) 275-7892,"8236 SE 24th St., Mercer Island, WA 98040",Indoor,"3 to 6 courts, depending on the time of day",https://www.facebook.com/Mercer...,,,$,,,,,,,,Hardwood,,
67,Stroum Jewish Community Center (Mercer Island),https://sjcc.org/programs/fitness/fitness-center/pickleball/,(206) 232-7115,"3801 East Mercer Way, Mercer Island, WA 98040",Indoor,4 courts,https://www.facebook.com/sjccseattle,,,Fall 2022:                                                                                                Members: Free                                                                                                    Non-Members: $15/day for full access to the facility,,,,,,,,Hardwood,,
68,Heron Park (Mill Creek),https://www.cityofmillcreek.com/cms/One.aspx?portalId=9100937&pageId=10699327https://millcreekwa.gov/pickleball,,"2701 155th St. SE, Mill Creek, WA 98012",Public outdoor court,1 tennis court with lines for 1 pickleball court,,,On street parking,Free,,,,,,,,Asphalt or concrete,,
69,Highlands Park (Mill Creek),https://www.cityofmillcreek.com/cms/One.aspx?portalId=9100937&pageId=10699327https://millcreekwa.gov/pickleball,,"16123 Highlands Blvd SE, Mill Creek, WA 98012",Public outdoor courts,1 tennis court with lines for 2 pickleball courts,,,On street parking,Free,,,,,,,,Asphalt or concrete,,
70,Lake Tye Park (Monroe),http://www.monroewa.gov/Facilities/...,(360) 305-7105,"14964 Fryelands Blvd., Monroe, WA  98272",Public outdoor courts,2 tennis courts with pickleball lines,https://www.facebook.com/pages/Lake-Tye-Park/147273415297674,,,Free,,Off-street parking,,,,,,Asphalt or concrete,,
71,Monroe Family YMCA,http://ymca-snoco.org/locations/monroesky-valley-ymca/,(360) 805-1879,"14033 Fryelands Blvd, Monroe, WA 98272",Indoor,1 court,https://www.facebook.com/ymcamonroe/,,,,,,,"Free for members, daily fee for non-members.",,,,,,
72,Mukilteo Family YMCA (Mukilteo),http://www.ymca-snoco.org/mukilteo,(425) 493-9622,"10601 47th Pl W, Mukilteo, WA 98275",Indoor,1,https://www.facebook.com/ymcamukilteo/,,,Free for members. Members and guests only.,,,,,,,,,,
73,Coal Creek Family YMCA (Newcastle),http://www.seattleymca.org/locations/coal-creek-family-ymca,(425) 282-1500,"13750 Newcastle Golf Club Rd,  Newcastle, WA 98059",Indoor,2,https://www.facebook.com/CoalCreekFamilyYMCA/,,,,,,,,,,,,,
74,Lake Boren Park (Newcastle),http://www.ci.newcastle.wa.us/parks/parks_list.htm,(425) 649-4444,"13058 SE 84th Way, Newcastle, WA 98059                                            (NW corner of Coal Creek Parkway and SE 84th Way)",Public outdoor courts,2 courts,https://www.facebook.com/pages/Lake-Boren/145762488785081,,,Free,,Off-street parking,,,,,,Asphalt or concrete,,
75,Normandy Park Recreation Center (Normandy Park),https://normandyparkwa.gov/recreation-community/recreation-facility-rentals/,(206) 248-7603,"801 SW 174th St, Normandy Park, WA 98166",Indoor,,https://www.facebook.com/pages/Normandy-Park-Recreation-Center/425910074127708,,,,,,,,,,,,,
76,Hartman Park (Redmond),https://www.redmond.gov/Facilities/Facility/Details/Hartman-Park-63,,"17300 NE 104th St, Redmond, WA 98052",Outdoor,3 pickleball courts on 2 tennis courts. See below for details.,,,,,,free,,,,,,,,
77,Meadow Park (Redmond),https://www.redmond.gov/Facilities/Facility/Details/Meadow-Park-41,,"10710 160 Ave NE, Redmond, WA 98052",Outdoor,free,,,,On street parking,,,,,,,,,,
78,Nike Park (Redmond),https://www.redmond.gov/Facilities/Facility/Details/Nike-Park-42,,"17207 NE 92nd St, Redmond, WA 98052",Outdoor,free,,,,On Street Parking,,,,,,,,,,
79,Perrigo Park (Redmond),https://www.redmond.gov/Facilities/Facility/Details/Perrigo-Park-66,,"9011 196th Ave NE, Redmond, WA 98053",Public outdoor courts,Lighted,,,"One of the three tennis courts has been converted into four dedicated pickleball courts.                                                                                        Another tennis court can be used as one pickleball court.                                            On that court, the tennis net is also used as the pickleball net.",free,,Off Street Parking,,,,,,,,5 pickleball courts. See below for details.
80,"Redmond Senior Center / Sammamish River Trail (Redmond)                                                                    The Senior center is closed                                    but the outdoor courts are still available.                                                                        Some activities are taking place at the                                                                            Old Redmond Schoolhouse Community Center, 16600 NE 80th St, Redmond, WA 98052",https://www.redmond.gov/206/Redmond-Senior-Center,(425) 556-2314,"8703 160th Ave NE, Redmond, WA 98052",Public outdoor courts,,https://www.facebook.com/RedmondWASeniors/,,,"50+, or 18+ accompanied by a senior during scheduled plays.",,,,,,2 dedicated courts,,,,
81,Gorin Tennis at Redmond Tennis Center (a.k.a Gorin Tennis Redmond) (Redmond),https://www.gorintennis.com,(425) 324-0477,"10600 231st Way NE, Redmond, WA 98053",Indoor courts,Asphalt or concrete,https://www.facebook.com/GorinTennisRedmond,,,Spring 2021                                                                                                Drop-in play: $15                                                                                                Court Rental $25/hour,RedmondTennisCenter@GorinTennis.com,,,,,,,8 courts,,
82,Spiritbrook Park (Redmond),https://www.redmond.gov/Facilities/Facility/Details/Spiritbrook-Park-51,,"6500 151st Ave NE, Redmond, WA 98052",Public outdoor courts,1 court,,,,Free,,,,,,,,,,
83,Viewpoint Park (Redmond),https://www.redmond.gov/Facilities/Facility/Details/Viewpoint-Park-53,,"2501 185th Ave NE, Redmond, WA 98052",Public outdoor courts,1 court,,,,Free,,,,,,,,,,
84,Westside Park (Redmond),https://www.redmond.gov/Facilities/Facility/Details/Westside-Park-57,,"5810 156th Ave NE, Redmond, WA 98052",Public outdoor courts,1 court,,,,Free,,,,,,,,,,
85,Meadow Crest Pickleball and Tennis Court (Renton),,,"3000 NE 16th St, Renton, WA 98056",outdoor,The tennis net serves as the pickleball net,,,1 tennis court with lines for 1 pickleball court,,,,,,,,,,,
86,Renton Community Center (Renton),https://www.rentonwa.gov/city_hall/public_works/facilities/renton_community_center,(425) 430-6700Â,"1715 SE Maple Valley Hwy, Renton, WA 98057-3900",Indoor,3 courts,https://www.facebook.com/pages/Renton-Community-Center/102782334762102,,,"$: As of January 2022, $5 for 1.5h",recreation@rentonwa.gov,,,,,,,,,
87,Renton Senior Activity Center (Renton),http://rentonwa.gov/senioractivitycenter/,(425) 430-6633Â,"211 Burnett Avenue North, Renton WA 98057",Indoor,Pickleball drop-in is open to all ages,https://www.facebook.com/pages/Renton-Senior-Center/105382749537544,,,Free,,No permanent lines. Low Ceiling.,,,,Off-street parking,,,,
88,Talbot Hill Reservoir Park (Renton),http://rentonwa.gov/living/default.aspx?id=10064,,"710 South 19th Street, Renton, WAÂ 98055",Public outdoor court,3,https://www.facebook.com/pages/Talbot-Hill-Reservoir-Park/300830360067807,,,Free,,,,,,,,,,
89,East Sammamish Park (Sammamish),https://www.sammamish.us/parks-recreation/parks-trails/east-sammamish-park/,,"21300 NE 16th, Sammamish, WA 98074",Outdoor,"As of March 2023,                                            three                                            roll-away semi-permanent pickleball nets                                            are available on the courts and                                            one more has been ordered.",https://www.facebook.com/pages/East-Sammamish-Park/676288845805305,,"2 tennis courts, each with lines for 2 pickleball courts                                            for a total of                                                                                        4 pickleball courts.",,,,,,,,,,,
90,Pine Lake Covenant Church (Sammamish),https://plcc.org/,,"1715 228th Ave SE, Sammamish, WA 98075",Indoor,2 courts,https://www.facebook.com/plcc.community,,,,,,,,,,,,,
91,Sammamish Community YMCA (Sammamish),http://www.seattleymca.org/locations/sammamish-community-ymca,(425) 391-4840,"831 228th Ave SE, Sammamish WA 98075",Outdoor,"Free for members, daily fee for non-members.",https://www.facebook.com/YMCAinSammamish,,,,,,,,,,,,,
92,Matt Griffin YMCA (SeaTac),http://www.seattleymca.org/locations/matt-griffin-ymca,(206) 244-5880,"3595 S. 188th St, Seatac, WA 98188",Indoor,"Free for members, daily fee for non-members.",https://www.facebook.com/MattGriffinYMCA,,,,,,,,,,,,,
93,McMicken Heights Park (SeaTac),http://www.seatacwa.gov/government/city-departments/parks-community-programs-services/parks-facilities,,"3740 S. 166th St., SeaTac, WA 98188",Outdoor,1 Permanent net,,,1 dedicated public pickleball court.,,,,,,,,,,,
94,SeaTac Community Center (SeaTac),http://www.ci.seatac.wa.us/services/seatac-community-center,(206) 973-4680,"13735 24th Ave S, SeaTac, WA 98168",Indoor,4 courts,https://www.facebook.com/seataccommunitycenter/,,,,,,,,,,,Hardwood,,
95,Alki Playground Pickleball and Tennis Courts (West Seattle)                                                                (Whale Tail Park Pickleball and Tennis Courts),https://www.seattle.gov/.../alki-playground,(206) 684-4075,"5817 SW Lander St., Seattle, WA 98116",Outdoor,,https://www.facebook.com/pages/Alki-Tennis-Courts/254175064686306,,Lighted,"2 tennis courts, each with lines for 2 pickleball courts                                            for a total of                                                                                        4 pickleball courts.",,Street parking.,,,,,,Tennis court,,
96,Ballard Community Center (Seattle),http://www.seattle.gov/parks/find/centers/ballard-community-center,(206) 684-4093,"6020 28th Ave NW, Seattle, WA 98107â",Indoor,3 courts,https://www.facebook.com/BallardCC,,,Free,,,,,,,,Hardwood,,
97,"Beacon Hill Playfield Outdoor Pickleball and Tennis Courts (Beacon Hill, Seattle)",https://www.seattle.gov/parks/find/parks/beacon-hill-playfield,(206) 684-4075,"1902 13th Ave. S, Seattle, WA 98144",Outdoor,,,,No lights,"2 tennis courts, each with lines for 2 pickleball courts                                            for a total of                                                                                        4 pickleball courts.",,Street parking.,,,,,,Tennis court,,
98,Bitter Lake Community Center (Seattle),http://www.seattle.gov/parks/find/centers/bitter-lake-community-center,(206) 684-7524,"13035 Linden Ave N, Seattle, WA 98133",Indoor,3 courts,https://www.facebook.com/Bitter-Lake-Community-Center-218180534886443/,,,Free,,Off-street parking next to the community center,,,,,,Hardwood,,
99,Bitter Lake Outdoor Pickleball and Tennis Courts (Seattle),http://www.seattle.gov/parks/find/parks/bitter-lake-playfield,(206) 684-7524,"13035 Linden Ave N, Seattle, WA 98133",Outdoor,"4 tennis courts, each with lines for 1 pickleball court on each side of the tennis net,                                            for a total of                                                                                        8 pickleball courts.",https://www.facebook.com/pages/Bitter Lake Tennis Courts/938654012992778/,,Lighted. The lights were upgraded in January 2023.,Reservations:                                            $10/hr as of April 2021                                                                                        Free if not reserved.,,,,,,,,Tennis court,,
100,"Brighton Playfield Outdoor Pickleball and Tennis Courts (Beacon Hill, Seattle)",https://www.seattle.gov/parks/find/parks/brighton-playfield,(206) 684-7524,"6000 39th Ave S, Seattle, WA 98118",Outdoor,,https://www.facebook.com/pages/Brighton Playfields/149670815088623/,"2 tennis courts, each with lines for 2 pickleball courts                                            for a total of                                                                                        4 pickleball courts.",Street parking,No lights,,One roll-away semi-permanent pickleball net is available.                                                                                        Another one should come in the winter.                                                                                        Bring your own pickleball net if you have one.,,,,,,Tennis court,,
101,"Dearborn Park Outdoor Pickleball and Tennis Courts (Beacon Hill, Seattle)",http://www.seattle.gov/parks/find/parks/dearborn-park,(206) 684-7524,"2919 S Brandon St, Seattle, WA 98108",Outdoor,,https://www.facebook.com/pages/Dearborn Park/698784547185437/,"2 tennis courts, each with lines for 2 pickleball courts                                            for a total of                                                                                        4 pickleball courts.",Street parking,No lights,,,,,,,,Tennis court,,
102,Delridge Community Center (West Seattle),http://www.seattle.gov/parks/find/centers/delridge-community-center,(206) 684-7423,"4501 Delridge Way SW, Seattle, WA 98106",Indoor,3 courts,https://www.facebook.com/West-Seattle-Community-Centers-103150522160/,,,Free,,,,,,,,Hardwood,,
103,Delridge Playfield Tennis and Pickleball Courts (West Seattle),http://www.seattle.gov/parks/find/parks/delridge-playfield,(206) 684-4075,"4501 Delridge Way SW, Seattle, WA 98106",Outdoor,2 tennis courts or 4 pickleball courts.,https://www.facebook.com/pages/Delridge-Playfields/222576364425181/,,Off-street parking,Reservations:                                            $10/hr as of April 2021                                                                                        Free if not reserved.,,,,,,,,Asphalt or concrete,,
104,"Discovery Park Tennis and Pickleball Courts (Magnolia, Seattle)",http://www.seattle.gov/parks/find/parks/discovery-park,(206) 684-4075,"3801 Discovery Park Blvd., Seattle, WA 98199",Outdoor,2 tennis courts or 4 pickleball courts. No permanent pickleball nets.,https://www.facebook.com/DiscoveryParkELC/,,Off-street parking,Free,,,,,,,,Asphalt or concrete,,
105,"Garfield Community Center (Capitol Hill, Seattle)",http://www.seattle.gov/parks/find/centers/garfield-community-center,(206) 684-4788,"2323 E Cherry St, Seattle, WA 98122",Indoor,,https://www.facebook.com/GarfieldCommunityCenter,,,,,,,,,,,Hardwood,,
106,Georgetown Playfield Tennis and Pickleball Courts (Seattle),http://www.seattle.gov/parks/find/parks/georgetown-playfield,(206) 684-4075,"750 S Homer St., Seattle, WA 98108",Outdoor,1 tennis court or 4 pickleball courts. Bring your own pickleball net.,https://www.facebook.com/pages/Georgetown-Playfield/103293716400170/,,On street parking,Free,,,,,,You will have to bring your own pickleball net.,,Asphalt or concrete,,
107,"Gilman Playground Tennis Courts (Ballard, Seattle)",https://www.seattle.gov/parks/find/parks/gilman-playground,(206) 684-4075,"923 NW 54th St, Seattle, WA 98107",Outdoor,,https://www.facebook.com/pages/Gilman Playground/...,,2 tennis courts or 4 pickleball courts.,One roll-away semi-permanent pickleball net is available.                                                                                        Another one should come in the winter.                                                                                        Bring your own pickleball net if you have one.,,,,,,,,Tennis court,,
108,Green Lake Community Center (Seattle),http://www.seattle.gov/parks/find/centers/green-lake-community-center,(206) 684-0780,"7201 East Green Lake Dr. N, Seattle, WA 98115",Indoor,2 courts,https://www.facebook.com/GreenLakeCC,,,Free,,Limited off-street parking.                                             On street parking,,,,,,Hardwood,,
109,Bob Hassan Pickleball Courts at East Green Lake (Seattle),http://www.seattle.gov/parks/find/parks/green-lake-parkhttps://www.greenlakepickleball.com.,(206) 684-4075,"7201 East Green Lake Dr N, Seattle, WA 98115",Outdoor,"3 tennis courts, each with lines for 1 pickleball court on each side of the tennis net,                                            for a total of                                                                                        6 pickleball courts.",https://www.facebook.com/pages/Green-Lake-Seattle/135915443108458/,,Limited off-street parking.                                             On street parking,Reservations:                                            $10/hr as of April 2021                                                                                        Free if not reserved.,,"There are six                                            roll-away semi-permanent pickleball nets.                                            If you need help with those nets, email                                            infoseattlemetropickleball.com.",,,,,,Asphalt or concrete,,
110,Hiawatha Community Center (West Seattle),http://www.seattle.gov/parks/find/centers/hiawatha-community-center,(206) 684-7441,"2700 California Ave SW, Seattle, WA 98116",Indoor,3 courts,https://www.facebook.com/West-Seattle-Community-Centers-103150522160/,,,,,,,,,,,Hardwood,,
111,High Point Community Center (West Seattle),http://www.seattle.gov/parks/find/centers/high-point-community-center,(206) 684-7422,"6920 34th Ave SW, Seattle, WA 98126",Indoor,3 courts,https://www.facebook.com/West-Seattle-Community-Centers-103150522160/,,,,,,,,,,,Hardwood,,
112,Hing Hay Park (Downtown Seattle),https://www.seattle.gov/parks/find/parks/hing-hay-park,(206) 684-4075,"423 Maynard Ave. S, Seattle, WA 98104",Outdoor,Free,https://www.facebook.com/Hing-Hay-Park-1369062383173572/,1 court.,,,,,,,,"This public ""court"" is defined by lines etched in the concrete of a public plaza.                                            There is no fence or barrier around the court, which means that passersby might wander on the court                                            and your ball might end up under someone's table, in someone's lunch or on the street.                                                                                        While pickleball courts measure only 22 feet wide by 44 feet long, they are supposed to be built on                                                                                            a minimum playing surface area measuring 30 feet wide                                                and 60 feet long and a larger size of 40 feet by 64 feet is preferred.                                            Unfortunately, the designers of the Hing Hay Park court don't seem to have been aware                                            of the need to provide a playing area larger than the court itself.                                            Click on                                            the camera symbol above to see a picture of the court.                                                                                        Two tall poles can be used to attach a badminton or pickleball net. No net was available when we visited,                                            but you might be able to get one by contacting                                            Lisa Nielsen,                                            Senior Recreation Program Director,                                            Seattle Parks and Recreation.                                            Email: Lisa.Nielsen@seattle.gov. Phone: (206) 684-7710.",,Concrete,,
113,International District/Chinatown Community Center (Seattle),http://www.seattle.gov/parks/find/centers/international-districtchinatown-community-center,(206) 233-0042,"719 8th Ave S, Seattle, WA 98104",Indoor,3 courts,https://www.facebook.com/International-District-Community-Center-103675689707536/,,,,,,,,,,,,,
114,"Jefferson Community Center (Beacon Hill, Seattle)",http://www.seattle.gov/parks/find/centers/jefferson-community-center,(206) 684-7481,"3801 Beacon Ave S, Seattle, WA 98108",Indoor,3 courts,https://www.facebook.com/Jefferson-Community-Center-453350118011001/,,,Free,,,,,,,,Hardwood,,
115,"Kinnear Park (Queen Anne, Seattle)",http://www.seattle.gov/parks/find/parks/kinnear-park,(206) 684-4075,"899 W Olympic Pl., Seattle, WA 98119",Public outdoor court,"Public outdoor tennis court, also lined as one pickleball court.                                            The pickleball baselines had not been painted the last time we checked.",https://www.facebook.com/pages/Kinnear-Park/139871399385646,,,Free,,,,,,1 court,,Asphalt or concrete,,
116,Lakeridge Pickleball and Badminton Courts (Seattle),https://www.seattle.gov/parks/find/parks/lakeridge-playfield,,"10145 Rainier Ave. S, Seattle, WA 98178",Public outdoor courts,Free,Lakeridge Pickleball Club Facebook group,2 courts,"Permanent nets are provided.                                            The net poles are taller than usual to allow the nets to be raised for badminton or lowered for pickleball.                                            As of spring 2022, the mechanism to raise the nets was broken and the nets stuck in the pickleball position.",On street parking. Pay close attention to the parking signs!,,"As of summer 2022, pickleball players had taped a third court on the adjacent basketball court.",,,,,,Asphalt or concrete,,
117,Laurelhurst Pickleball Court (Seattle),http://www.seattle.gov/parks/find/parks/laurelhurst-playfield,,"4339 NE 43rd St, Seattle, WA 98105",Public outdoor court,A permanent net is provided.,https://www.facebook.com/LaurelhurstCC,,1 court,Free,,Off street parking at the Laurelhurst Community Center,,,,,,Asphalt or concrete,,
118,Loyal Heights Community Center (Seattle),http://www.seattle.gov/parks/find/centers/loyal-heights-community-center,(206) 684-4052,"2101 NW 77th St, Seattle, WA 98117",Indoor,3 courts,https://www.facebook.com/LoyalHeightsCC,,,Free,,,,,,,,Hardwood,,
119,"Magnolia Community Center (Magnolia, Seattle)",http://www.seattle.gov/parks/find/centers/magnolia-community-center,(206) 386-4235,"2550 34th Ave W, Seattle, WA 98199",Indoor,Free,https://www.facebook.com/magnoliacommunity/,,,,,,,,,,,,,
120,"Magnolia Playfield Pickleball and Tennis Courts (Magnolia, Seattle)",https://www.seattle.gov/parks/find/parks/magnolia-playfield,,"2518 34th Ave. W, Seattle, WA 98199",Public outdoor courts,Two roll-away semi-permanent pickleball nets are available.                                                                                        Bring your own pickleball net if you have one.,https://www.facebook.com/pages/West-Magnolia-playfield/125402300843420,,"4 tennis courts, each sporting lines for 2 pickleball courts for a total of                                                                                        8 pickleball courts",,,,,,,,,Asphalt or concrete,,
121,Magnuson Community Center (Seattle),http://www.seattle.gov/parks/find/centers/magnuson-community-center,(206) 684-7026,"7110 62nd Ave NE, Seattle, WA 98115",Indoor,3 courts,https://www.facebook.com/Magnuson-Community-Center-413164202029354/,,,,,,,,,,,Hardwood,,
122,Magnuson Park Building 30 Hangar (Seattle),https://www.seattle.gov/parks/reserve/indoor-event-rentals/magnuson-park-event-space-reservations,"(206) 684-4080, x3","6310 NE 74th St, Seattle, WA 98115",Indoor,Free,https://www.facebook.com/pages/Magnuson%20Park%20Hangar%2030/1421070217952918//,3,,,,Lots of room around the courts but more distance to fetch balls.                                                                                        Players are allowed in thru the south doors even though the building is closed due to covid.,,,,,,Court Surface: concrete,,
123,Magnuson Park Old Outdoor Tennis Courts (Seattle),https://www.seattle.gov/parks/find/parks/magnuson-park,(206) 684-4946,"7400 Sand Point Way Northeast, Seattle, WA 98115",Outdoor,6 tennis courts,https://www.facebook.com/pages/Warren-G-Magnuson-Park/1940507726216697/,,,,,Free,,"These are very old tennis courts that probably date back to when                                            this park was a military base. The court surface has numerous cracks                                            and has not been maintained in ages. These courts don't seem to be                                            part of the                                            Seattle Parks and Recreation department official list of tennis courts.                                                                                        As of mid-June 2018, pickleball players are marking some of those                                            tennis courts for pickleball play.",,,,Asphalt,,
124,Maple Leaf Reservoir Park (Seattle),http://www.seattle.gov/parks/find/parks/maple-leaf-reservoir-park,(206) 684-4075,"1020 NE 82nd St., Seattle, WA 98115",Public outdoor courts,"Public outdoor unfenced pickleball courts.                                            East-West orientation instead of the recommended North-South orientation.                                            A pedestrian path passes right behind the West baselines.                                            Beware of collision potential with toddlers, trikes, etc...",https://www.facebook.com/groups/1452...,,,Free,,,,,,2 courts with permanent pickleball nets.,,,,
125,Meadowbrook Community Center (Seattle),http://www.seattle.gov/parks/find/centers/m...,(206) 684-7522,"10517 35th Ave NE, Seattle, WA 98125",Indoor,Hardwood,https://www.facebook.com/Meadowbrook...,,,Free,,,,,,,,3 courts,,
126,"Miller Community Center (Capitol Hill, Seattle)",http://www.seattle.gov/parks/find/centers/miller-community-center,(206) 684-4753,"330 19th Ave E, Seattle, WA 98112",Indoor,,https://www.facebook.com/Miller-Community-Center-214925651885164/,,,3 courts,,Off-street parking next to the community center. Upper parking lot entrance on 19th Ave E. Lower parking lot entrance on 20th Ave E.,,Players email list:                                            Mid-town Pickle Ball,,,,Hardwood,,
127,"Miller Playfield Tennis and Pickleball Courts (Capitol Hill, Seattle)",https://www.seattle.gov/parks/find/parks/miller-playfield,(206) 684-4753,"330 19th Ave E, Seattle, WA 98112",Outdoor,2 tennis courts or 4 pickleball courts. Four semi-permanent pickleball nets.,https://www.facebook.com/Miller-Community-Center-214925651885164/,,"There are four                                            roll-away semi-permanent pickleball nets.                                                                                        If you need help with these nets, email                                            infoseattlemetropickleball.com.",Off-street parking next to the community center. Upper parking lot entrance on 19th Ave E. Lower parking lot entrance on 20th Ave E.,,Pickleball players gather here regularly all year.,Restroom                                                                                        Located to the left of the community center's lowest level entrance                                                                                        We have heard several reports of this restroom being locked and unavailable.,Players email list:                                            Mid-town Pickle Ball,"Lighted                                                                                        The lights were fixed during summer 2021,                                            and a lot of tree branches that had grown                                            in front of the lights have been cut back.",Water fountain,,Asphalt or concrete,,
128,Montlake Community Center (Seattle),http://www.seattle.gov/parks/find/centers/montlake-community-center,(206) 684-4736,"1618 E Calhoun St, Seattle, WA 98112",Indoor,Hardwood,https://www.facebook.com/Montlake-Community-Center-161602093891155/,,,Free,,,,Players email list:                                            Mid-town Pickle Ball,,,,2 courts,,
129,Montlake Playfield Multi-sport Court(Seattle),http://www.seattle.gov/parks/find/parks/montlake-playfield,,"1618 E Calhoun St, Seattle, WA 98112",Outdoor,The Montlake Playfield has an unfenced sports court that is marked for pickleball amongst other sports. You will have to bring your own net or borrow one from the                                            Montlake Community Center.,https://www.facebook.com/pages/Montlake-Playfield/135165053181980,Free,,,,,,Players email list:                                            Mid-town Pickle Ball,,,,,,
130,"Mount Baker Pickleball and Tennis Courts (Mount Baker, Seattle)",http://www.seattle.gov/parks/find/parks/mount-baker-park,(206) 684-4081,"Lake Park Dr S, Seattle, WA 98144",Outdoor,2 tennis courts or 4 pickleball courts.,,,Limited off-street parking directly east of the courts.,Lighted from about March through October,,,"Restroom                                                                                        Portable toilet located in the park, south of the courts.",,,,,Asphalt or concrete,,
131,"Northgate Community Center (Northgate, Seattle)",http://www.seattle.gov/parks/find/centers/northgate-community-center,(206) 386-4283,"10510 5th Ave NE, Seattle, WA 98125",Indoor,Free,https://www.facebook.com/Northgate-Community-Center-63872737623/,,,,,,,,,,,,,
132,North Seattle Sports Garage (Seattle),https://www.nwcoastalhoops.com/,(206) 906-9730,"927 N 128th St, Seattle, WA 98133",Indoor,3 courts,,,,"As of November 2022, pickleball is by appointment only.",nwcoastal206@gmail.com,,,,,,,Hardwood,,
133,"Observatory Courts (Queen Anne, Seattle)",http://www.seattle.gov/parks/find/parks/observatory-courts,(206) 684-4075,"1405 Warren Ave. N, Seattle, WA 98109",Public outdoor court,Public outdoor tennis courts each also lined as one pickleball court.                                                                                        Beware of the sun: One of the two courts is oriented East-West instead of North-South.,https://www.facebook.com/pages/Observatory-Courts/109499202589647,,,Free,,,,,,2 courts,,Asphalt or concrete,,
134,Queen Anne Community Center (Seattle),http://www.seattle.gov/parks/find/centers/queen-anne-community-center,(206) 386-4240,"1901 1st Ave W, Seattle, WA 98119",Indoor,4 courts,https://www.facebook.com/Queen-Anne-Community-Center-360536030690424/,,,Free,,,,,,,,Hardwood,,
135,"Rainier Community Center (Columbia City, Seattle)",http://www.seattle.gov/parks/find/centers/rainier-community-center,(206) 386-1919,"4600 38th Ave S, Seattle, WA 98118",Indoor,"6 courts, sometimes limited to 3",https://www.facebook.com/RainierCommunityCenter/,,,Free,,,,,,,,Hardwood,,
136,Rainier Beach Playfield Pickleball and Tennis Courts (South Seattle),https://www.seattle.gov/parks/find/parks/rainier-beach-playfield,(206) 684-4075,"4707 S Cloverdale St, Seattle, WA 98118",Outdoor,,https://www.facebook.com/pages/Rainier-Beach-Playfield/...                                                Rainier Beach Pickleball Club Facebook group,,4 tennis courts or 8 pickleball courts.,,,,,,,,,Tennis court,,"As of October 2022, there are no semi-permanent nets.                                            You will have to bring your own pickleball net.                                                                                        Seattle Parks said they will order four semi-permanent nets."
137,"Ravenna-Eckstein Community Center (Ravenna, Seattle)",http://www.seattle.gov/parks/find/centers/ravenna-eckstein-community-center,(206) 684-7534,"6535 Ravenna Ave NE, Seattle, WA 98115",Indoor,3 courts,https://www.facebook.com/Ravenna-Eckstein-Community-Center-152847138113639/,,,Free,,,,,,,,Hardwood,,
138,"The Salvation Army Seattle White Center Community Center (White Center, Seattle)",https://tsawhitecenter.org/,(206) 767-3150,"9050 16th Ave SW, Seattle, WA 98106",Indoor,4 courts,https://www.facebook.com/SalvationArmySeattleWhiteCenter/,,,,info@tsawhitecenter.org,,,,,,,Hardwood,,
139,"Soundview Playfield Tennis and Pickleball Courts (Crown Hill, Seattle)",http://www.seattle.gov/parks/find/parks/soundview-playfield,(206) 684-4075,"1590 NW 90th St., Seattle, WA 98117",Outdoor,2 tennis courts or 4 pickleball courts. Bring your own pickleball net.,https://www.facebook.com/pages/Soundview-Playfield/480937885334839/,,Off-street parking on 15th Ave NW and on NW 90th St.,Reservations:                                            $10/hr as of April 2021                                                                                        Free if not reserved.,,,,,,,,Asphalt or concrete,,
140,SouthWest Teen Life Center (West Seattle),http://www.seattle.gov/parks/find/teen-programs,(206) 684-7438,"2801 SW Thistle St, Seattle, WA 98126",Indoor,,https://www.facebook.com/SouthwestTeenLifeCenter,,,,,,,,,,,,,
141,"South Park Community Center (South Park, Seattle)",http://www.seattle.gov/parks/find/centers/south-park-community-center,(206) 684-7451,"8319 8th Ave S, Seattle, WA 98108",Indoor,3 courts,https://www.facebook.com/pages/South-Park-Community-Center/199537956756115,,,Free,,,,,,,,,,
142,"South Park Playground Tennis and Pickleball Courts (South Park, Seattle)",https://www.seattle.gov/parks/find/parks/south-park-playground,(206) 684-4075,"8319 8th Ave S, Seattle, WA 98108",Outdoor,1 tennis court or 2 pickleball courts. No permanent pickleball nets.,https://www.facebook.com/pages/South-Park-Playground/267989583374595/,,Limited off-street parking next to the community center.,Free,,,,,,Bring your own pickleball net or borrow one from the                                            South Park Community Center                                            when it is open.,,Asphalt or concrete,,
143,"Van Asselt Community Center (Beacon Hill/New Holly, Seattle)",http://www.seattle.gov/parks/find/centers/van-asselt-community-center,(206) 386-1921,"2820 S Myrtle St, Seattle, WA 98108",Indoor,3 courts,https://www.facebook.com/VanAsseltCC,,,There is not enough space behind some of the                                            baselines of the Van Asselt Community Center pickleball courts.                                            This can make it difficult to serve and to return balls that bounce close to the baseline.,,,,,,Free,,Hardwood,,
144,View Ridge Swim and Tennis Club  (Seattle),http://vrstc.org,(206) 524-3500,"5815 NE 77th St, Seattle, WA 98115",Outdoor,Private outdoor unfenced pickleball court.,https://www.facebook.com/View-Ridge-Swim-and-Tennis-Club-481904695229985,,,,,,,,,1 pickleball court,,,,
145,Walt Hundley Playfield Tennis and Pickleball Courts (West Seattle),https://www.seattle.gov/parks/find/parks/walt-hundley-playfield,,"6920 34th Ave SW, Seattle, WA 98126",Outdoor,2 tennis courts or 4 pickleball courts.,https://www.facebook.com/pages/Walt-Hundley-Playfield/211753668892763,,Street Parking,Reservations:                                            $10/hr as of April 2021                                                                                        Free if not reserved.,,,,,,,,Asphalt or concrete,,
146,"Webster Park (Ballard, Seattle)",http://www.seattle.gov/parks/find/parks?filterTerm=Webster&searchType=Name&centerX=&centerY=,,"1020 NE 82nd St., Seattle, WA 98115",Outdoor,Free,https://www.facebook.com/pages/Webster-Park/118614788214135,public multi-purpose outdoor sports field with one chalked pickleball court.,You will have to bring your own pickleball net,On street parking,,,,,,,,Asphalt,,
147,North East Seattle Together (NEST) at the Wedgwood Presbyterian Church Parking Lot (Seattle),https://www.nestseattle.org/,206-525-6378,"8008 35th Ave NE, Seattle, WA 98115",Outdoor,,https://www.facebook.com/NorthEastSeattleTogether/,,,,,,,,,,,,,
148,West Seattle Family YMCA (West Seattle),https://www.seattleymca.org/locations/west-seattle-fauntleroy-ymca,(206) 935-6000,"3622 SW Snoqualmie St, Seattle, WA 98126",Indoor,"Free for members, daily fee for non-members.",https://www.facebook.com/WestSeattleYMCA/,,,,,,,,,,,,,
149,Yesler Community Center (Seattle),http://www.seattle.gov/parks/find/centers/yesler-community-center,(206) 386-1245,"917 E Yesler Way, Seattle, WA 98122",Indoor,3 courts,https://www.facebook.com/yeslercc/,,,Free,,,,,,,,Hardwood,,
150,Dale Turner Family YMCA (Shoreline),http://www.seattleymca.org/locations/dale-turner-family-ymca,(206) 363-0446,"19290 Aurora Ave N, Shoreline, WA 98133",Indoor,"Free for members, daily fee for non-members.",https://www.facebook.com/DaleTurnerFamilyYMCA,,,,,,,,,,,,,
151,Hillwood Park (Shoreline),http://www.shorelinewa.gov/Home/Co...,(206) 801-2600,"City Park, Shoreline, WA 98177",Outdoor,2 public tennis courts with painted lines for 4 pickleball courts.,,,Off-street parking,Free,,,,,,,,Asphalt or concrete,,
152,Richmond Beach Community Park (Shoreline),http://www.shorelinewa.gov/Home/Co...,(206) 801-2600,"2201 NW 197th St, Shoreline, WA 98177",Outdoor,2 public tennis courts with painted lines for 4 pickleball courts.,,,No lights,Free,,,,,,,,Asphalt or concrete,,
153,Shoreline Spartan Recreation Center (Shoreline),http://www.shorelinewa.gov/government/departm...,(206) 801-2600,"202 NE 185th Street, Shoreline, WA 98155",Indoor,3,https://www.facebook.com/shorelineparksandrec,,,,,The pickleball courts in the Shoreline Spartan Recreation Center's gym are laid out                                            in such a way that there is not enough space behind some of the                                            baselines.                                            This can make it difficult to serve and to return balls that bounce close to the baseline.,,,,$,,Hardwood,,
154,Shoreline Park (Shoreline),http://www.shorelinewa.gov/Home/Co...,(206) 801-2600,"19030 1st Ave NE, Seattle, WA 98155",Outdoor,4 public tennis courts with painted lines for 12 pickleball courts.,,,"Due to the normal activity at this park, it is recommended to reserve courts.                                            This must be done 7+ days ahead of time otherwise it's first-come first-served.                                                                                        You can check online                                            to see if the courts have been reserved.",Lighted,,Off-street parking,Restroom,,Water fountain,,,Asphalt or concrete,,
155,Shoreview Park (Shoreline),http://www.shorelinewa.gov/Home/Comp...,(206) 801-2600,"700 NW Innis Arden Way, Seattle, WA 98177",Outdoor,2 public tennis court with lines for 6 pickleball courts,,,There are 6 tennis courts. The ones on the Southeast have pickleball lines.                                                                                        You can reserve the courts. This must be done 7+ days ahead of time otherwise it's first-come first-served.                                                                                        You can check online                                            to see if the courts have been reserved.,No lights,,Off-street parking,Restroom,,Water fountain,,,Asphalt or concrete,,
156,Twin Ponds Park (Shoreline),https://www.shorelinewa.gov/Home/Comp...,(206) 801-2600,"15401 1st Ave NE, Shoreline, WA 98155",Outdoor,1 public tennis court with lines for 2 pickleball courts,,,Off-street parking,No lights,,,Restroom,,,,,Asphalt or concrete,,
157,Pilchuck Park (Snohomish),http://www.ci.snohomish.wa.us/facilities/facility/...,,"169 Cypress Ave, Snohomish, WA 98290",Outdoor,2 tennis courts with pickleball lines,https://www.facebook.com/pages/Pilchuck-Park/108745445849607,,,The tennis courts have been striped for pickleball,,Free,,,,,,,,
158,Snohomish Boys and Girls Club (Snohomish),,(360) 568-7760,"402 2nd St, Snohomish, WA 98290",Indoor,Estimated Cost: $3.,,,,,,"Jim says: ""Sunny weather play is at Pilchuck Park, across the street""[ish].",,,,,,,,
159,Snoqualmie Community Park (Snoqualmie),https://www.snoqualmiewa.gov/.../Snoqualmie-Community-Park-11,,"35016 SE Ridge St, Snoqualmie, WA 98065",Outdoor,"3 tennis courts, each lined for pickleball using the tennis net",,,Free,Use the tennis net as a pickleball net,,,,,,,,,,
160,Snoqualmie Valley YMCA (Snoqualmie),https://www.seattleymca.org/locations/snoqualmie-valley-ymca,(425) 256-3115,"35018 SE Ridge St, Snoqualmie, WA 98065",Indoor,"Free for members, daily fee for non-members.",https://www.facebook.com/SnoqualmieValleyYMCA/,,,,,,,,,,,,,
161,Crystal Springs Park (Tukwila),https://www.tukwilawa.gov/departments/parks-and-recreation/parks-and-trails/crystal-springs-park/,,"15832 51st Ave S, Tukwila, WA 98188",Outdoor,1 tennis court lined for pickleball using the tennis net,,,Free,,,,,,,,,,,
162,Joseph Foster Memorial Park (Tukwila),https://www.tukwilawa.gov/departments/parks-and-recreation/parks-and-trails/joseph-foster-memorial-park/,,"13919 53rd Ave S, Tukwila, WA 98168",Outdoor,1 court,,,,,,,,,,Free,,,,
163,Tukwila Community Center,http://www.tukwilawa.gov/departments/parks-and-recreation/,(206) 768-2822,"12424 42nd Ave S, Tukwila, WA 98168",indoor,3,https://www.facebook.com/pages/Tukwila-Community-Center/1117184055326317,,,"$5, free for Fitness Pass holders as of early 2019",,Off-street parking,,,,,,,,
164,Tukwila Park (Tukwila),https://www.tukwilawa.gov/departments/parks-and-recreation/parks-and-trails/tukwila-park/,,"15460 65th Ave S, Tukwila, WA 98188",Outdoor,"2 tennis courts, each one of them lined for pickleball using the tennis net.",,,Free,,,,,,,,,,,
165,Cottage Lake Park (Woodinville),"http://parkstrails.myparksandrecreation.com/,,,",,"18801 NE Woodinville-Duvall Rd, Woodinville, WA 98072",Outdoor,Free,https://www.facebook.com/pages/Cottage-Lake-Park/202900713057678?fref=ts,2 courts.,The Cottage Lake Park sports court is marked for pickleball amongst other sports. You will have to bring your own net.,,,,,,,,,,,
166,Woodinville Sports Club,https://www.woodinvillesportsclub.com/,(425) 487-1090,"15327 140th Pl NE, Woodinville, WA 98072",Indoor,8,https://www.facebook.com/WoodinvilleSportsClub,,,,info@woodinvillesportsclub.com,,,,,,,Asphalt or concrete,,
167,The Y at the Carol Edwards Center (Woodinville),http://www.seattleymca.org/locations/northshore-ymca,(425) 286-6122,"17401 133rd Avenue NE, Woodinville, WA 98072",Indoor,1,https://www.facebook.com/pages/Carol-Edwards-Center/159605117407138,,,,,,,,,,,,,
