"","city","place","Web.Site","Phone.Number","Map","Indoor.or.Outdoor.","Estimated.Cost","Facebook.Page","NA.","Pickleball.Nets","Parking","Email.Address","Comments","Restroom","How.to.contact.other.players","water.fountain","Caution","Bathroom","Court.Surface","Time","Lights"
"1","Auburn","Auburn Community and Event Center (Auburn)
                                Also known as Gymnasium at Les Gove​ Park (Auburn)","http://www.auburnwa.gov/play","(253) 931-3043","910 9th St SE, Auburn, WA 98002","Indoor","$",NA,NA,NA,NA,NA,NA,NA,NA,NA,NA,NA,NA,NA,NA
"2","Auburn","Auburn Valley YMCA (Auburn)","http://www.seattleymca.org/locations/auburn-valley-ymca","(253) 833-2770","1620 Perimeter Rd SW, Auburn, WA 98001","Indoor","Free for members, daily fee for non-members.","https://www.facebook.com/AuburnValleyYMCA/",NA,NA,NA,NA,NA,NA,NA,NA,NA,NA,NA,NA,NA
"3","Auburn","Five Mile Lake​ Park (Auburn)","http://www.kingcounty.gov/services/parks-recreation/parks/parks-and-natural-lands/parksatoz.aspx",NA,"36429 44th Ave S, Auburn, WA 98001","Outdoor","Free","https://www.facebook.com/pages/5-Mile-Lake/165040780227460","2 courts.","You will have to bring your own pickleball net",NA,NA,NA,NA,NA,NA,NA,NA,NA,NA,NA
"4","Auburn","Game Farm ​Park (Auburn)","http://www.auburnwa.gov/things_to_do/...",NA,"Dedicated courts:
                                            3030 R St SE, Auburn, Washington 98002
                                            Shared courts:
                                            3030 R St SE, Auburn, Washington 98002","Public outdoor courts","Free","https://www.facebook.com/pages/Game-Farm-Park/125461140834682","4 dedicated pickleball courts and
                                            
                                            4 public tennis courts, each with lines for 2 pickleball courts","Bring your own net to play on the shared tennis and pickleball courts.
                                            
                                            The dedicated pickleball courts have permanent nets.","Off-street parking",NA,NA,NA,NA,NA,NA,NA,NA,NA,NA
"5","Auburn","Scootie Brown ​Park (Auburn)","http://www.auburnwa.gov/things_to_do/...",NA,"1403 Henry Rd, Auburn, Washington 98002","Public outdoor court","Free","https://www.facebook.com/pages/Scootie-Brown-Park/122531214599949","1",NA,"Off-street parking",NA,NA,NA,NA,NA,NA,NA,NA,NA,NA
"6","Auburn","Shaughnessy ​Park (Auburn)","http://www.auburnwa.gov/things_to_do/...",NA,"3302 21st St SE, Auburn, Washington 98002","Public outdoor court","Free","https://www.facebook.com/pages/Shaugnessy-Park/163247250482884","1",NA,"On street parking",NA,NA,NA,NA,NA,NA,NA,NA,NA,NA
"7","Bellevue","North Bellevue Community Center's
                                    Hidden Valley​ Field House (Bellevue)
                                Also known as the Bellevue Boys and Girls Club Gym","https://parks.bellevuewa.gov/parks-and-trails/parks/hidden-valley-park/","(425) 452-7681","1903 112th Ave NE, Bellevue, WA 98004","Indoor",NA,NA,"3 courts",NA,NA,"dlassiter@bellevuewa.gov","A large window affects lighting",NA,NA,NA,NA,NA,NA,NA,NA
"8","Bellevue","Bellevue Family YMCA (Bellevue)","http://www.seattleymca.org/locations/bellevue-family-ymca","(425) 746-9900","14230 Bel Red Rd, Bellevue, WA 98007","Indoor","Free for members, daily fee for non-members.","https://www.facebook.com/BellevueFamilyYMCA","3 courts",NA,NA,NA,NA,NA,NA,NA,NA,NA,NA,NA,NA
"9","Bellevue","Bellevue Tennis Academy (a.k.a. Gorin Tennis Bellevue) (Bellevue)","https://www.gorintennis.com/bellevue/","(425) 256-3179",NA,NA,NA,"https://www.facebook.com/gorintennis",NA,NA,NA,"bellevuecustomercare@gorintennis.com",NA,NA,NA,NA,NA,NA,NA,NA,NA
"10","Bellevue","Cherry Crest  Mini Park (Bellevue)","https://bellevuewa.gov/.../cherry-crest-mini-park",NA,"2532 127th Ave NE, Bellevue, WA 98005","Outdoor","Free",NA,"1 tennis courts lined for pickleball using the tennis net.","Use the tennis net as a pickleball net","Street Parking",NA,NA,NA,NA,NA,NA,NA,NA,NA,NA
"11","Bellevue","Crossroads ​Community Center (Bellevue)","https://bellevuewa.gov/city-government/departments/parks/community-centers/crossroads","(425) 452-4874","16000 NE 10th St, Bellevue, WA 98008","Indoor","Free","https://www.facebook.com/pages/Crossroads-Community-Center/199758873373715","3 courts",NA,"Off Street Parking","ccc@bellevuewa.gov",NA,NA,NA,NA,NA,NA,NA,NA,NA
"12","Bellevue","Crossroads  Park (Bellevue)","https://bellevuewa.gov/city-government/departments/parks/parks-and-trails/parks/crossroads-park",NA,"16000 NE 10th St, Bellevue, WA 98008","Outdoor","Free",NA,"2 tennis courts, each one of them lined for pickleball using the tennis net.","Use the tennis net as a pickleball net","Off-Street Parking",NA,NA,NA,NA,NA,NA,NA,NA,NA,NA
"13","Bellevue","Eastgate Park (Bellevue)","https://bellevuewa.gov/city-government/departments/parks/parks-and-trails/parks/eastgate-park",NA,"14500 SE Newport Way, Bellevue, WA 98006","Outdoor","Free",NA,"No court lights","Four roll-away semi-permanent pickleball nets are available on the courts","Off-Street Parking",NA,NA,"No restroom. You might be able to use the restrooms at the
                                            South Bellevue Community Center when it is open.",NA,NA,NA,NA,NA,NA,NA
"14","Bellevue","Enatai Neighborhood ​Park (Bellevue)","https://parks.bellevuewa.gov/parks-and-trails/parks/enatai-neighborhood-park/",NA,"10661 SE 25th St, Bellevue, WA 98008","Outdoor","Free",NA,"2 pickleball courts planned for 2023",NA,"Off Street Parking",NA,"Lena says:
                                            
                                                There are 2 sports courts, however they aren't lined for pickleball.
                                                You would need to bring your own net and lines in order to play on the courts.
                                                Strangely there is a huge brick wall in between the 2 courts. (July, 2022)",NA,NA,NA,NA,NA,NA,NA,NA
"15","Bellevue","Highland  Park (Bellevue)","https://bellevuewa.gov/city-government/departments/parks/parks-and-trails/parks/highland-park",NA,"14224 Bel-Red Road, Bellevue, WA 98007","Outdoor","Free",NA,"2 tennis courts, each one of them lined for pickleball using the tennis net.
                                            
                                                These tennis courts will be restriped in 2023 to have 4 pickleball courts.","Use the tennis net as a pickleball net","Off-Street Parking",NA,NA,NA,NA,NA,NA,NA,NA,NA,NA
"16","Bellevue","Hillaire ​Park (Bellevue)","https://parks.bellevuewa.gov/parks-and-trails/parks/hillaire-park/",NA,"15803 NE 6th Street, Bellevue, WA 98008","Outdoor","Free",NA,"1 dedicated pickleball court
                                            
                                            2 pickleball courts on one tennis court.
                                            
                                            2 more pickleball courts on the other tennis court
                                            
                                                coming in 2023.",NA,NA,NA,NA,NA,NA,NA,NA,NA,NA,NA,NA
"17","Bellevue","​International School (Bellevue)","http://www.bsd405.org/international/",NA,"445 128th Ave SE, Bellevue, WA 98005","Public outdoor courts","As of March 2019, the pickleball courts are never locked,
                                            and have not been locked for months.
                                            Hopefully they will stay open and free for everyone to use.
                                            On school days, you can use the courts after school,
                                            unless there are after-school events.
                                            On weekends and other non-school days, the courts are free to use anytime.",NA,"6 courts",NA,"Use the school's upper parking lot.  What looks like a lower parking lot
                                            is actually a receiving area and needs to be kept vacant at all times.",NA,NA,NA,"Check out
                                            Playtime Scheduler
                                            to join other players.",NA,NA,NA,NA,NA,NA
"18","Bellevue","Lakemont Community Park (Bellevue)","https://bellevuewa.gov/city-government/departments/parks/parks-and-trails/parks/lakemont-community-park",NA,"5170 Village Park Drive SE, Bellevue, WA 98006","Outdoor","Free",NA,"No court lights","Use the tennis net as a pickleball net","Off-Street Parking",NA,NA,"",NA,"Water fountain",NA,NA,NA,NA,NA
"19","Bellevue","North Bellevue ​Community Center (Bellevue)","https://parks.bellevuewa.gov/community-centers/north-bellevue-community-center/","(425) 452-7681","4063 148th Avenue NE, Bellevue, WA 98007","Indoor","$","https://www.facebook.com/pages/North-Bellevue-Community-Center/111386052251994","2 courts",NA,"Off Street Parking",NA,"Low ceiling makes lobbing difficult",NA,NA,NA,NA,NA,NA,NA,NA
"20","Bellevue","Norwood Village Neighborhood Park (Bellevue)","https://bellevuewa.gov/city-government/departments/parks/parks-and-trails/parks/norwood-village-neighborhood-park",NA,"12309 SE 23rd Place, Bellevue, WA 98005","Outdoor","Free",NA,"2 tennis courts, each one of them lined for pickleball using the tennis net.","Use the tennis net as a pickleball net","Off-Street Parking",NA,NA,NA,NA,NA,NA,NA,NA,NA,NA
"21","Bellevue","Robinswood ​Tennis Center (Bellevue)","https://bellevuewa.gov/.../robinswood-tennis-center","(425) 452-7690","2400 151st Pl SE,
                                                Bellevue, WA 98007","Indoor","$",NA,"2 indoor tennis courts each with lines for 1 pickleball court
                                            for a total of
                                            
                                            2 pickleball courts.
                                            The tennis nets serve as the pickleball nets.",NA,"Off Street Parking","robinswoodinfo@bellevuewa.gov",NA,NA,NA,NA,"The tennis courts in the bubble have lines for pickleball.
                                            
                                                The Bellevue Parks Department counts these two courts
                                                in its inventory of pickleball courts.
                                            
                                            
                                            As of December 9th 2022, the Robinswood Tennis Center front desk didn't want to rent those courts for pickleball.",NA,NA,NA,NA
"22","Bellevue","South Bellevue ​Community Center Fitness Center (Bellevue)","https://parks.bellevuewa.gov/community-centers/sbcc/south-bellevue-community-center-fitness-center/","(425) 452-4240","14509 SE Newport Way, Bellevue, WA 98009","Indoor","$",NA,"3 to 6 courts",NA,"Off Street Parking","SBCC@BellevueWA.gov",NA,NA,NA,NA,NA,NA,NA,NA,NA
"23","Bellevue","Spiritridge  Park (Bellevue)","https://bellevuewa.gov/.../spiritridge-park",NA,"16100 SE 33rd Pl, Bellevue, WA 98008","Outdoor","Free",NA,"1 tennis court that will be striped in 2023
                                                to have 2 pickleball courts.","Use the tennis net as a pickleball net","Off-Street Parking",NA,NA,NA,NA,NA,NA,NA,NA,NA,NA
"24","Bellevue","Zumdieck ​Park (Bellevue)","https://bellevuewa.gov/city-government/departments/parks/parks-and-trails/parks/zumdieck-park/",NA,"1500 108th Ave NE, Bellevue, WA 98004","Outdoor","Free",NA,"2 tennis courts, one of them lined for pickleball using the tennis net",NA,"Limited Off Street Parking",NA,NA,NA,NA,NA,NA,NA,NA,NA,NA
"25","Bothell","Brick Yard Road​ Park (Bothell)","https://www.bothellwa.gov/1024/Brickyard-Road-Park",NA,"16800 Brickyard Rd NE, Bothell, WA 98011","outdoor","Free",NA,"No water fountain","One permanent net","Street parking only",NA,NA,NA,NA,NA,NA,"No Bathroom",NA,NA,NA
"26","Bothell","Conifer View​ Park (Bothell)","https://www.bothellwa.gov/1037/Conifer-View-Park",NA,"9055 NE 195th St, Bothell, WA 98011","outdoor","Free",NA,"No water fountain","One permanent net","Street parking only",NA,NA,NA,NA,NA,NA,"No Bathroom",NA,NA,NA
"27","Bothell","Northshore YMCA (Bothell)","https://www.seattleymca.org/locations/northshore-ymca","(425) 485-9797","11811 NE 195th St, Bothell, Washington 98011","Indoor","Free for members, daily fee for non-members.","https://www.facebook.com/NorthshoreYMCA/",NA,NA,NA,NA,NA,NA,NA,NA,NA,NA,NA,NA,NA
"28","Bothell","Northshore ​Senior Center (Bothell)","http://www.northshoreseniorcenter.org/...","(425) 487-2441","10201 E Riverside Dr, Bothell, WA 98011","Indoor","$","https://www.facebook.com/Northshore-Senior-Center-348956115009/",NA,NA,NA,NA,NA,NA,NA,NA,NA,NA,NA,NA,NA
"29","Bothell","The Ridge ​ Activity Center (Bothell)","https://www.theridge.fun
                                            https://pos.theridge.fun/theridgeac/...","(425) 892-9821","3827 Maltby Road Bothell, WA 98012","Indoor AND
                                            
                                            Outdoor","Fall 2022: $15/hour for all three outdoor courts,
                                            
                                            $50/hour for all three indoor courts","https://www.facebook.com/ridgeactivitycenter","Water available during business hours","No net included - Rental additional","Off-street parking",NA,NA,"Restroom available during business hours",NA,NA,NA,NA,NA,NA,NA
"30","Bothell","Royal Oaks​ Park (Bothell)","https://www.bothellwa.gov/1042/Royal-Oaks-Park",NA,"20155 106th Ave NE, Bothell, WA 98011","Outdoor","Free",NA,"No water fountain","One permanent net","Street parking only",NA,"This court is located in a neighborhood park,
                                            right next to houses.
                                            Please be considerate of the neighbors if you play there.
                                            In particular:
                                            
                                                    Do not play early in the morning
                                                
                                                
                                                    Do not play late in the evening
                                                
                                                
                                                    Leave all your cuss words at home",NA,NA,NA,NA,"No Bathroom",NA,NA,NA
"31","Bothell","William Penn​ Park (Bothell)","https://www.bothellwa.gov/1445/William-Penn-Park",NA,"19900 100th Ave NE, Bothell, WA 98011","Outdoor","Free",NA,"No court lights","Bring your own net","Off-street parking",NA,NA,NA,NA,"Water fountain was not functioning in August 2021",NA,"No Bathroom",NA,NA,NA
"32","Burien","Highline​ Athletic Club (Burien)",NA,NA,NA,NA,NA,NA,NA,NA,NA,NA,NA,NA,NA,NA,NA,NA,NA,NA,NA
"33","Burien","Highline High School Pickleball and Tennis Courts (Burien)","https://www.highlineschools.org/departments/communications/news/new-posts/~board/district-news/post/new-hhs-tennis-courts-under-construction-at-sunnydale",NA,"675 S 156th St, Burien, WA 98148","Outdoor","Free",NA,"4 tennis courts, each with lines for 1 pickleball court
                                            for a total of
                                            
                                            4 pickleball courts.
                                            The tennis nets serve as the pickleball nets.","Use the tennis net as a pickleball net","Off-street parking",NA,"From
                                            https://www.highlineschools.org/departments/school-construction/get-informed/faq:
                                            
                                            As of September 11, [2021,] the courts are open to the public during daylight hours,
                                            seven days per week, allowing for school district student practice
                                            or competition as a priority activity.
                                            
                                            Thanks for your patience as we worked out a plan
                                            for unlocking and locking the gates.
                                            There may be some variability on the exact
                                            time they are unlocked in the morning.",NA,NA,NA,NA,NA,NA,NA,NA
"34","Burien","Lake Burien School Memorial Park (Burien)","https://www.burienwa.gov/residents/...",NA,"1620 SW 149th Street
                                                Burien, Washington 98166","Outdoor","Free","https://www.facebook.com/pages/Lake-Burien-Park/128584477187905","No court lights","Use the tennis net as a pickleball net","Off-street parking",NA,NA,"Restroom",NA,"Water fountain",NA,NA,NA,NA,NA
"35","Covington","Covington Community Park​","https://www.covingtonwa.gov/city_departments/...",NA,"24253 180th Ave SE, Kent, WA 98042","Public outdoor courts","Free","https://www.facebook.com/pages/Covington Community Park/112723102204842/","No lights","You will have to bring your own pickleball net","Off-street parking",NA,NA,"Restroom",NA,NA,NA,NA,"Asphalt or concrete",NA,NA
"36","Des Moines","Des Moines​ Field House Park (Des Moines)",NA,"(206) 870-6527","1000 S 220th St, Des Moines, WA 98198","Public outdoor courts","Free","https://www.facebook.com/desmoines...","2 tennis courts OR
                                            
                                            2 pickleball courts using the tennis net as a pickleball net",NA,NA,NA,NA,NA,NA,NA,NA,NA,NA,NA,NA
"37","Edmonds","Frances Anderson​ Center (Edmonds)","http://www.edmondswa.gov/parks-recreation-departments/classes-programs.html
                                            Edmonds Pickleball Facebook group","(425) 771-0229
                                            (425) 771-0230","700 Main Street Edmonds, WA 98020","Indoor","$","https://www.facebook.com/pages/Frances-Anderson-Center/213815508652175",NA,NA,NA,"Todd.Cort@edmondswa.gov",NA,NA,NA,NA,NA,NA,NA,NA,NA
"38","Edmonds","Seaview Park (Edmonds)","http://www.edmondswa.gov/visit-a-park-text-15/parks-map/seaview-park.html",NA,"8030 185th St SW, Edmonds WA 98020","Public outdoor courts","Free",NA,"2 tennis courts with added lines for 2 pickleball courts on each tennis court.","8 portable nets are on site from March to October.",NA,NA,NA,NA,"To ask questions about these courts, visit the
                                            Edmonds Pickleball Facebook group.",NA,NA,NA,NA,NA,NA
"39","Edmonds","Yost Park (Edmonds)","http://www.edmondswa.gov/visit-a-park-text-15/parks-map/yost-park.html",NA,"9535 Bowdoin Way, Edmonds WA 98020","Public outdoor courts","Free","https://www.facebook.com/pages/Yost-Park-Edmonds/589030701235593","4 dedicated pickleball courts, and
                                            1 tennis court with added lines for 4 pickleball courts","8 pickleball nets are available from spring to fall.",NA,NA,"Donald says ""a group of us play there Sundays at 1:30 all year.""
                                            
                                            Patrick says ""Nice weather brings out 'advanced' play on Saturdays with upwards of 20-30 players.
                                            Sunday is geared mostly towards 'beginner' or 'recreational' players.
                                            Parking on-site is free with additional street parking as needed.
                                            These courts have become the go to outdoor courts in the north end.""",NA,"Several groups of players organize games at Yost Park.
                                            Some games are organized through private email lists
                                            while others are organized through the
                                            Edmonds Pickleball Facebook group.",NA,NA,NA,NA,"8 a.m. to dusk.
                                            Please don't start before 8 a.m. so as to no disturb the neighbors.",NA
"40","Everett","American Legion​ Memorial Park (Everett)","https://everettwa.gov/Facilities/Facility/Details/Legion-Memorial-Park-47
                                            https://www.everettwa.gov/2737/Pickle-Ball-Courts",NA,"145 Alverson Blvd, Everett, WA 98201","Outdoor","Free","www.facebook.com/pages/American Legion Memorial Park/146227712072697/","1 court","You will have to bring your own pickleball net","Off-street parking",NA,NA,NA,NA,NA,NA,NA,NA,NA,NA
"41","Everett","Everett Family YMCA","https://ymca-snoco.org/our-locations/everett-ymca/","(425) 258-9211","2720 Rockefeller Ave, Everett, WA 98201","Indoor","Free for members, daily fee for non-members.","https://www.facebook.com/YMCAEverett/","1",NA,NA,NA,NA,NA,NA,NA,NA,NA,NA,NA,NA
"42","Everett","Forest​ Park (Everett)","https://everettwa.gov/Facilities/Facility/Details/Forest-Park-23
                                            https://www.everettwa.gov/2737/Pickle-Ball-Courts",NA,"802 E Mukilteo Blvd Everett, WA 98203","Outdoor","Free","https://www.facebook.com/pages/Forest Park, Everett/442167922470472/","2 courts","You will have to bring your own pickleball net","Off-street parking",NA,NA,NA,NA,NA,NA,NA,NA,NA,NA
"43","Everett","Garfield​ Park (Everett)","https://everettwa.gov/Facilities/Facility/Details/Garfield-Park-24
                                            https://www.everettwa.gov/2737/Pickle-Ball-Courts",NA,"2300 Walnut St., Everett, WA 98201","Outdoor","Free","https://www.facebook.com/pages/Garfield-Park/276452795699297","1 court","You will have to bring your own pickleball net","Off-street parking:
                                            
                                                    On the East side of State Street, between 23rd and 24th Street.
                                                
                                                
                                                    On the North side of 24th Street, between Walnut Street and State Street",NA,NA,NA,NA,NA,NA,NA,NA,NA,NA
"44","Everett","Lowell​ Park (Everett)","https://everettwa.gov/Facilities/Facility/Details/Lowell-Park-31
                                            https://www.everettwa.gov/2737/Pickle-Ball-Courts",NA,"4605 S 3rd Ave, Everett, WA 98201","Outdoor","Free","https://www.facebook.com/pages/Lowell Park/1453286608288745/","1 court","You will have to bring your own pickleball net","Off-street parking",NA,NA,NA,NA,NA,NA,NA,NA,NA,NA
"45","Everett","Mill Creek Family YMCA (Everett)","https://ymca-snoco.org/our-locations/mill-creek-ymca/","(425) 337-0123","13723 Puget Park Dr, Everett, WA 98208","Indoor","Free for members, daily fee for non-members.","https://www.facebook.com/ymcamillcreek","2 courts",NA,NA,NA,NA,NA,NA,NA,NA,NA,NA,NA,NA
"46","Federal Way","Federal Way ​Community Center (Federal Way)","http://itallhappenshere.org/","(253) 835-6900","876 S 333rd St, Federal Way, WA 98003","Indoor","$","https://www.facebook.com/fwcommunitycenter/",NA,NA,"Off Street Parking",NA,NA,NA,NA,NA,NA,NA,NA,NA,NA
"47","Federal Way","SW 312th ​Sports Court (Federal Way)","http://www.cityoffederalway.com/page/neighborhood-parks",NA,"SW 312th & 11th Ave SW, Federal Way, WA 98003","Public outdoor court","Free","https://www.facebook.com/pages/SW-312th-Sports-Courts/1051306571554603","1",NA,"On street parking",NA,NA,NA,NA,NA,NA,NA,NA,NA,NA
"48","Issaquah","Blackberry ​Park (Issaquah)",NA,NA,"4214 191st Ave SE, Issaquah, WA 98027","Public outdoor court","Free",NA,"1",NA,NA,"parksrecreation@issaquahwa.gov","Tony says:
                                            ""An inch or two of grass is growing up between some of the concrete slabs.
                                            Also this is very close to some houses who may or may not like the sound
                                            of a pickleball being batted around. Doesn't look like it has been used much lately.""
                                            (Aug 2018)",NA,NA,NA,NA,NA,NA,NA,NA
"49","Issaquah","Central ​Park - Issaquah Higlands Pickleball and Tennis Courts (Issaquah)","https://www.issaquahwa.gov/3287/Pickleball...",NA,"1907 NE Park Dr, Issaquah, WA 98029","Public outdoor courts","Free","https://www.facebook.com/pages/Central-Park/288151354619287","3 (2 outdoor tennis courts.
                                            One has lines for one pickleball court on each side of the tennis net.
                                            The other one has lines for one pickleball court, using the tennis net as the pickleball net)","2 semi-permanent nets are available.","Off-street parking",NA,NA,NA,NA,NA,NA,NA,NA,NA,NA
"50","Issaquah","Issaquah ​Community Center (Issaquah)","http://www.ci.issaquah.wa.us/index.aspx?NID=768","(425) 837-3300","301 Rainier Blvd. S., Issaquah, WA 98027","Indoor","$","https://www.facebook.com/pages/Issaquah-Community-Center/144930588874848","3 courts",NA,NA,"parksrecreation@issaquahwa.gov",NA,NA,NA,NA,NA,NA,"Carpet",NA,NA
"51","Issaquah","Meerwood ​Park (Issaquah)","https://issaquahwa.gov/Facilities/Facility/...",NA,"4703 192nd Ave SE, Issaquah, WA 98027","Public outdoor court","Free","https://www.facebook.com/pages/Meerwood Park/147836988693847/","2","You will have to bring your own pickleball net",NA,NA,NA,NA,NA,NA,NA,NA,NA,NA,NA
"52","Issaquah","Tibbetts Valley ​Park (Issaquah)","https://issaquahwa.gov/Facilities/...",NA,"750 17th Ave NW, Issaquah, WA 98027","Public outdoor court","Free","https://www.facebook.com/pages/Tibbets Valley Park/120834847969023/","2 (4 outdoor tennis courts, one of which has lines for one pickleball court on each side of the tennis net)","Nets provided","Off-street parking",NA,NA,NA,NA,NA,NA,NA,NA,NA,NA
"53","Kenmore","The Lodge at St Edward Park​ (Kenmore)","https://www.thelodgeatstedward.com/things-to-do/pickleball","(425) 470-6500","14477 Juanita Drive Northeast, Kenmore, WA 98028","Indoor","$","https://www.facebook.com/lodgeatstedwardpark","4 courts",NA,"Since The Lodge is located in a state park, you'll need a Discovery Pass to park your car.
                                            
                                                There is a pay station at the park where you can buy a pass",NA,NA,NA,NA,NA,NA,NA,"Hardwood",NA,NA
"54","Kent","Canterbury​ Park (Kent)","http://www.kentwa.gov/Home/Components/...",NA,"24409 100th Ave SE, Kent, WA 98030","Outdoor","Free","https://www.facebook.com/pages/Canterbury-Park/133334853404632","1 court",NA,NA,NA,NA,NA,NA,NA,NA,NA,NA,NA,NA
"55","Kent","Kent Commons​ Community Center (Kent)","http://kentwa.gov/kentcommons/","(253) 856-5000","525 Fourth Ave N Kent, WA 98032","Indoor","$","https://www.facebook.com/pages/Kent-Commons/138157442892774",NA,NA,NA,NA,NA,NA,NA,NA,NA,NA,NA,NA,NA
"56","Kent","Kent YMCA (Kent)","https://www.seattleymca.org/locations/kent-ymca","(253) 246-8515","10828 SE 248th St, Kent, WA 98030","Indoor","Free for members, daily fee for non-members.","https://www.facebook.com/KentYMCA/",NA,NA,NA,NA,NA,NA,NA,NA,NA,NA,NA,NA,NA
"57","Kirkland","Eastside Tennis Center​ (Kirkland)","http://topskirkland.org/","(425) 658-4046","10822 117th Place NE, Kirkland, WA 98033. At the end of the street, take a right towards the far end of the building.","Indoor","$","https://www.facebook.com/Outreach...","3 pickleball courts. The court lines are a mix of youth tennis court white lines and blue masking tape.  It takes a little getting used to, but it works.",NA,"Off-street parking",NA,NA,NA,"A group of Redmond Ridge Trilogy residents play at the Eastside Tennis Center on weekday mornings.",NA,NA,NA,"Asphalt or concrete",NA,NA
"58","Kirkland","Everest ​Park (Kirkland)","https://www.kirklandwa.gov/.../Everest-Park",NA,"500 8th St S, Kirkland, WA 98033","Public outdoor dedicated pickleball courts","Free","https://www.facebook.com/pages/Everest-Park/122258877823598
                                            https://www.facebook.com/kirklandparks","3",NA,"Please do not park across the street from the pickleball courts.
                                            Park in the Everest Park
                                            North Parking Lot
                                            instead.","eparks@kirklandwa.gov",NA,NA,NA,NA,NA,NA,NA,NA,NA
"59","Kirkland","Feriton Spur ​Park (Kirkland)","https://www.kirklandwa.gov/.../Feriton-Spur-Park",NA,"509 6th Street South, Kirkland 98033","Outdoor","Free","https://www.facebook.com/kirklandparks","1 public dedicated pickleball court","Net provided.",NA,"eparks@kirklandwa.gov",NA,NA,NA,NA,NA,NA,NA,NA,NA
"60","Kirkland","Mark Twain ​Park (Kirkland)","http://www.kirklandwa.gov/.../Mark-Twain-Park",NA,"10625 132nd Ave NE, Kirkland, WA 98033","Outdoor","Free","https://www.facebook.com/kirklandparks","1 basketball court with pickleball lines","You will have to bring a pickleball net.",NA,"eparks@kirklandwa.gov",NA,NA,NA,NA,NA,NA,NA,NA,NA
"61","Kirkland","North Kirkland  Community Center ​(Kirkland)","https://www.kirklandwa.gov/depart/parks/...","(425) 587-3350","12421 103rd Ave NE, Kirkland, WA 98034","indoor","$3 per participant as of February 2023","https://www.facebook.com/pages/North-Kirkland-community-center/207459436044681","1 (One full-size court or two modified courts available)",NA,"Off-street parking","eparks@kirklandwa.gov",NA,NA,NA,NA,NA,NA,NA,NA,NA
"62","Kirkland","Van Aalst ​Park (Kirkland)","http://www.kirklandwa.gov/.../Van-Aalst-Park",NA,"335 13th Ave, Kirkland, WA 98033","Outdoor","Free","https://www.facebook.com/kirklandparks","1 pickleball court with ""plastic tile surfacing""","Net provided.","Street Parking.","eparks@kirklandwa.gov",NA,NA,NA,NA,NA,NA,NA,NA,NA
"63","Lake Forest Park","Horizon View ​Park (Lake Forest Park)","https://www.cityoflfp.gov/305/Horizon-View-Park",NA,"19800 47th Ave NE, 19800 47th Ave NE","Outdoor","Free","https://www.facebook.com/pages/Horizon-View-Park/163068770408420","No lights","The tennis net serves as the pickleball net for now.
                                            Two roll-away semi-permanent pickleball nets have been ordered.","Off-street parking",NA,NA,NA,NA,NA,NA,NA,NA,NA,NA
"64","Lynnwood","Academy Sports Center​ (Lynnwood)","https://www.academyvb.com/pickleball","(425) 745-0866","2810 Lincoln Way, Lynnwood, WA 98087","Indoor","$","https://www.facebook.com/profile.php?id=100045777686949","4",NA,"Off-street parking.
                                            Make sure you are parked in a legal space
                                            on the Academy's side of the parking lot,
                                            and not on the west side where Hansen Bros.
                                            needs to have access to all parking spaces and loading docks.","pickleball@academyvb.com",NA,NA,NA,NA,NA,NA,"Hardwood",NA,NA
"65","Lynnwood","South Lynnwood ​Park (Lynnwood)","https://www.lynnwoodwa.gov/Community/Play-Lynnwood/Parks-Trails-and-Open-Space/South-Lynnwood-Park","(425) 670-5732","20915 61st Ave W, Lynnwood, WA 98036","Outdoor","Free","https://www.facebook.com/pages/South Lynnwood Park/536782636408559/","2 tennis courts with lines for 4 pickleball courts.","Two roll-away semi-permanent pickleball nets are available.
                                            
                                            Bring your own net if you have one.",NA,NA,NA,NA,NA,NA,NA,NA,NA,NA,NA
"66","Mercer Island","Luther Burbank ​Park Pickleball Courts (Mercer Island)","https://www.mercerisland.gov/parksrec/page/luther-burbank-park","(206) 236-3545","2040 84th Ave SE, Mercer Island, WA 98040","Outdoor","Free","https://www.facebook.com/pages/Luther Burbank Park/142511822447934/","3 tennis courts, each with added lines for one pickleball court.","The tennis nets are used as pickleball nets.
                                            They have been adjusted to pickleball height.","Off-street parking",NA,"Pickleball lines are now painted. No more tape!",NA,"Players organize games on
                                            
                                                PlayTime Scheduler",NA,NA,NA,"Asphalt or concrete",NA,NA
"67","Mercer Island","Mercer Island  ​Community & Event Center Gymnasium (Mercer Island)","http://www.mercergov.org/Page.asp?NavID=1951","Community Center: (206) 275-7609; Gym Hotline: (206) 275-7892","8236 SE 24th St., Mercer Island, WA 98040","Indoor","$","https://www.facebook.com/Mercer...","3 to 6 courts, depending on the time of day",NA,"Off-street parking next to the community center",NA,NA,NA,NA,NA,NA,NA,"Hardwood",NA,NA
"68","Mercer Island","Stroum​ Jewish Community Center (Mercer Island)","https://sjcc.org/programs/fitness/fitness-center/pickleball/","(206) 232-7115","3801 East Mercer Way, Mercer Island, WA 98040","Indoor","Fall 2022:
                                            
                                                    Members: Free
                                                
                                                
                                                    Non-Members: $15/day for full access to the facility","https://www.facebook.com/sjccseattle","4 courts",NA,"Off-street parking next to the community center",NA,NA,NA,NA,NA,NA,NA,"Hardwood",NA,NA
"69","Mill Creek","Heron Park (Mill Creek)","https://www.cityofmillcreek.com/cms/One.aspx?portalId=9100937&pageId=10699327
                                            https://millcreekwa.gov/pickleball",NA,"2701 155th St. SE, Mill Creek, WA 98012","Public outdoor court","Free",NA,"1 tennis court with lines for 1 pickleball court","The current configuration allows people to play pickleball
                                            using the existing tennis net as the pickleball net.","On street parking",NA,NA,NA,NA,NA,NA,NA,"Asphalt or concrete",NA,NA
"70","Mill Creek","Highlands Park (Mill Creek)","https://www.cityofmillcreek.com/cms/One.aspx?portalId=9100937&pageId=10699327
                                            https://millcreekwa.gov/pickleball",NA,"16123 Highlands Blvd SE, Mill Creek, WA 98012","Public outdoor courts","Free",NA,"1 tennis court with lines for 2 pickleball courts","You will have to bring a pickleball net.
                                            
                                            As of 2022, you can borrow City of Mill Creek nets, paddles and balls from the
                                            Mill Creek Family YMCA for FREE.
                                            Call (425) 337-0123 for availability and hours.","On street parking",NA,NA,NA,NA,NA,NA,NA,"Asphalt or concrete",NA,NA
"71","Monroe","Lake Tye Park (Monroe)","http://www.monroewa.gov/Facilities/...","(360) 305-7105","14964 Fryelands Blvd., Monroe, WA  98272","Public outdoor courts","Free","https://www.facebook.com/pages/Lake-Tye-Park/147273415297674","2 tennis courts with pickleball lines",NA,"Off-street parking",NA,"The tennis courts have been striped for pickleball",NA,NA,NA,NA,NA,"Asphalt or concrete",NA,NA
"72","Monroe","Monroe Family YMCA","http://ymca-snoco.org/locations/monroesky-valley-ymca/","(360) 805-1879","14033 Fryelands Blvd, Monroe, WA 98272","Indoor","Free for members, daily fee for non-members.","https://www.facebook.com/ymcamonroe/","1 court",NA,NA,NA,NA,NA,"Contact Jim Johnson at (425) 308-5774",NA,NA,NA,NA,NA,NA
"73","Mukilteo","Mukilteo Family YMCA (Mukilteo)","http://www.ymca-snoco.org/mukilteo","(425) 493-9622","10601 47th Pl W, Mukilteo, WA 98275","Indoor","Free for members. Members and guests only.","https://www.facebook.com/ymcamukilteo/","1",NA,"Off-street parking",NA,NA,NA,NA,NA,NA,NA,NA,NA,NA
"74","Newcastle","Coal Creek Family YMCA (Newcastle)","http://www.seattleymca.org/locations/coal-creek-family-ymca","(425) 282-1500","13750 Newcastle Golf Club Rd,  Newcastle, WA 98059","Indoor","Free for members, daily fee for non-members.","https://www.facebook.com/CoalCreekFamilyYMCA/","2",NA,NA,NA,NA,NA,NA,NA,NA,NA,NA,NA,NA
"75","Newcastle","Lake Boren Park (Newcastle)","http://www.ci.newcastle.wa.us/parks/parks_list.htm","(425) 649-4444","13058 SE 84th Way, Newcastle, WA 98059
                                            
                                            (NW corner of Coal Creek Parkway and SE 84th Way)","Public outdoor courts","Free","https://www.facebook.com/pages/Lake-Boren/145762488785081","2 courts",NA,"Off-street parking",NA,"The tennis courts have been striped for pickleball
                                            and the net strap allows the net to be lowered to 34"".",NA,NA,NA,NA,NA,"Asphalt or concrete",NA,NA
"76","Normandy Park","Normandy Park​ Recreation Center (Normandy Park)","https://normandyparkwa.gov/recreation-community/recreation-facility-rentals/","(206) 248-7603","801 SW 174th St, Normandy Park, WA 98166","Indoor",NA,"https://www.facebook.com/pages/Normandy-Park-Recreation-Center/425910074127708",NA,NA,NA,NA,NA,NA,NA,NA,NA,NA,NA,NA,NA
"77","Redmond","Hartman Park​ (Redmond)","https://www.redmond.gov/Facilities/Facility/Details/Hartman-Park-63",NA,"17300 NE 104th St, Redmond, WA 98052","Outdoor","free",NA,"3 pickleball courts on 2 tennis courts. See below for details.",NA,NA,NA,"One of the two tennis courts has lines for two pickleball courts:
                                            one pickleball court on each side of the tennis net.
                                            You will have to bring your own portable pickleball net to play on that court.
                                            The other tennis court can be used as one pickleball court.
                                            On that court, the tennis net is also used as the pickleball net.",NA,NA,NA,NA,NA,NA,NA,NA
"78","Redmond","Meadow Park​ (Redmond)","https://www.redmond.gov/Facilities/Facility/Details/Meadow-Park-41",NA,"10710 160 Ave NE, Redmond, WA 98052","Outdoor","free",NA,NA,NA,"On street parking",NA,NA,NA,NA,NA,NA,NA,NA,NA,NA
"79","Redmond","Nike Park​ (Redmond)","https://www.redmond.gov/Facilities/Facility/Details/Nike-Park-42",NA,"17207 NE 92nd St, Redmond, WA 98052","Outdoor","free",NA,NA,NA,"On Street Parking",NA,NA,NA,NA,NA,NA,NA,NA,NA,NA
"80","Redmond","Perrigo Park​ (Redmond)","https://www.redmond.gov/Facilities/Facility/Details/Perrigo-Park-66",NA,"9011 196th Ave NE, Redmond, WA 98053","Public outdoor courts","free",NA,"5 pickleball courts. See below for details.","Nets provided.","Off Street Parking",NA,"One of the three tennis courts has been converted into four dedicated pickleball courts.
                                            
                                            Another tennis court can be used as one pickleball court.
                                            On that court, the tennis net is also used as the pickleball net.",NA,NA,NA,NA,NA,NA,NA,"Lighted"
"81","Redmond","Redmond​ Senior Center / Sammamish River Trail (Redmond)
                                
                                    The Senior center is closed
                                    but the outdoor courts are still available.
                                    
                                    Some activities are taking place at the
                                    
                                        Old Redmond Schoolhouse Community Center, 16600 NE 80th St, Redmond, WA 98052","https://www.redmond.gov/206/Redmond-Senior-Center","(425) 556-2314","8703 160th Ave NE, Redmond, WA 98052","Public outdoor courts",NA,"https://www.facebook.com/RedmondWASeniors/","2 dedicated courts",NA,"Off-street parking",NA,NA,NA,NA,NA,"50+, or 18+ accompanied by a senior during scheduled plays.",NA,NA,NA,NA
"82","Redmond","Gorin Tennis at Redmond ​Tennis Center (a.k.a Gorin Tennis Redmond) (Redmond)","https://www.gorintennis.com","(425) 324-0477","10600 231st Way NE, Redmond, WA 98053","Indoor courts","Spring 2021
                                                
                                                Drop-in play: $15
                                                
                                                Court Rental $25/hour","https://www.facebook.com/GorinTennisRedmond","8 courts",NA,"Off-street parking","RedmondTennisCenter@GorinTennis.com",NA,NA,NA,NA,NA,NA,"Asphalt or concrete",NA,NA
"83","Redmond","Spiritbrook Park (Redmond)","https://www.redmond.gov/Facilities/Facility/Details/Spiritbrook-Park-51",NA,"6500 151st Ave NE, Redmond, WA 98052","Public outdoor courts","Free",NA,"1 court",NA,"On street parking",NA,NA,NA,NA,NA,NA,NA,NA,NA,NA
"84","Redmond","​Viewpoint Park (Redmond)","https://www.redmond.gov/Facilities/Facility/Details/Viewpoint-Park-53",NA,"2501 185th Ave NE, Redmond, WA 98052","Public outdoor courts","Free",NA,"1 court",NA,"Off-street parking",NA,NA,NA,NA,NA,NA,NA,NA,NA,NA
"85","Redmond","​Westside Park (Redmond)","https://www.redmond.gov/Facilities/Facility/Details/Westside-Park-57",NA,"5810 156th Ave NE, Redmond, WA 98052","Public outdoor courts","Free",NA,"1 court",NA,"Off-street parking",NA,NA,NA,NA,NA,NA,NA,NA,NA,NA
"86","Renton","Meadow Crest Pickleball and Tennis Court (Renton)",NA,NA,"3000 NE 16th St, Renton, WA 98056","outdoor","Free",NA,"1 tennis court with lines for 1 pickleball court","The tennis net serves as the pickleball net",NA,NA,NA,NA,NA,NA,NA,NA,NA,NA,NA
"87","Renton","Renton​ Community Center (Renton)","https://www.rentonwa.gov/city_hall/public_works/facilities/renton_community_center","(425) 430-6700 ","1715 SE Maple Valley Hwy, Renton, WA 98057-3900","Indoor","$: As of January 2022, $5 for 1.5h","https://www.facebook.com/pages/Renton-Community-Center/102782334762102","3 courts",NA,"Off-street parking","recreation@rentonwa.gov",NA,NA,NA,NA,NA,NA,NA,NA,NA
"88","Renton","Renton ​Senior Activity Center (Renton)","http://rentonwa.gov/senioractivitycenter/","(425) 430-6633 ","211 Burnett Avenue North, Renton WA 98057","Indoor","Free","https://www.facebook.com/pages/Renton-Senior-Center/105382749537544","1 court",NA,"Off-street parking",NA,"Jeff says: ""It is a pleasant rec room with hardwood floor but the compliments stop there.
                                            They have only one portable net set up and no permanent lines.
                                            Tonight they had this thin string taped to the floor at the corners.
                                            So even if you could see the lines,
                                            during play the lines would be disrupted with playing one game.
                                            The ceiling was also too low to lob.
                                            This would be a very nice place for a senior player who was just learning to play;
                                            otherwise I would not recommend anyone going there.
                                            The program here had to have been set up by someone who heard pickleball was a great game for seniors
                                            but never actually played.",NA,NA,NA,"No permanent lines. Low Ceiling.",NA,NA,NA,NA
"89","Renton","Talbot Hill Reservoir Park (Renton)","http://rentonwa.gov/living/default.aspx?id=10064",NA,"710 South 19th Street, Renton, WA 98055","Public outdoor court","Free","https://www.facebook.com/pages/Talbot-Hill-Reservoir-Park/300830360067807","3",NA,"Off-street parking entrance on Talbot Road S",NA,NA,NA,NA,NA,NA,NA,NA,NA,NA
"90","Sammamish","East Sammamish Park (Sammamish)","https://www.sammamish.us/parks-recreation/parks-trails/east-sammamish-park/",NA,"21300 NE 16th, Sammamish, WA 98074","Outdoor","Free","https://www.facebook.com/pages/East-Sammamish-Park/676288845805305","2 tennis courts, each with lines for 2 pickleball courts
                                            for a total of
                                            
                                            4 pickleball courts.","As of March 2023,
                                            three
                                            roll-away semi-permanent pickleball nets
                                            are available on the courts and
                                            one more has been ordered.",NA,NA,NA,NA,NA,NA,NA,NA,NA,NA,NA
"91","Sammamish","Pine Lake Covenant Church (Sammamish)","https://plcc.org/",NA,"1715 228th Ave SE, Sammamish, WA 98075","Indoor","Donation appreciated to offset building cost.","https://www.facebook.com/plcc.community","2 courts",NA,NA,NA,NA,NA,NA,NA,NA,NA,NA,NA,NA
"92","Sammamish","Sammamish Community YMCA (Sammamish)","http://www.seattleymca.org/locations/sammamish-community-ymca","(425) 391-4840","831 228th Ave SE, Sammamish WA 98075","Outdoor","Free for members, daily fee for non-members.","https://www.facebook.com/YMCAinSammamish",NA,NA,NA,NA,NA,NA,NA,NA,NA,NA,NA,NA,NA
"93","SeaTac","Matt Griffin YMCA (SeaTac)","http://www.seattleymca.org/locations/matt-griffin-ymca","(206) 244-5880","3595 S. 188th St, Seatac, WA 98188","Indoor","Free for members, daily fee for non-members.","https://www.facebook.com/MattGriffinYMCA",NA,NA,NA,NA,NA,NA,NA,NA,NA,NA,NA,NA,NA
"94","SeaTac","McMicken Heights Park (SeaTac)","http://www.seatacwa.gov/government/city-departments/parks-community-programs-services/parks-facilities",NA,"3740 S. 166th St., SeaTac, WA 98188","Outdoor","Free",NA,"1 dedicated public pickleball court.","1 Permanent net",NA,NA,NA,NA,NA,NA,NA,NA,NA,NA,NA
"95","SeaTac","SeaTac Community Center (SeaTac)","http://www.ci.seatac.wa.us/services/seatac-community-center","(206) 973-4680","13735 24th Ave S, SeaTac, WA 98168","Indoor","$","https://www.facebook.com/seataccommunitycenter/","4 courts",NA,NA,NA,NA,NA,NA,NA,NA,NA,"Hardwood",NA,NA
"96","Seattle","Alki Playground Pickleball and Tennis Courts (West Seattle)
                                
                                (Whale Tail Park Pickleball and Tennis Courts)","https://www.seattle.gov/.../alki-playground","(206) 684-4075","5817 SW Lander St., Seattle, WA 98116","Outdoor",NA,"https://www.facebook.com/pages/Alki-Tennis-Courts/254175064686306","Lighted","One roll-away semi-permanent pickleball net is available.
                                            
                                            Another one should come in the winter.
                                            
                                            Bring your own pickleball net if you have one.","Street parking.",NA,"The pickleball lines were painted in fall 2022,
                                            but the courts haven't been resurfaced in quite a while.",NA,NA,NA,NA,NA,"Tennis court",NA,NA
"97","Seattle","Ballard Community Center (Seattle)","http://www.seattle.gov/parks/find/centers/ballard-community-center","(206) 684-4093","6020 28th Ave NW, Seattle, WA 98107​","Indoor","Free","https://www.facebook.com/BallardCC","3 courts",NA,"Limited off-street parking next to the community center.
                                            On street parking.",NA,NA,NA,NA,NA,NA,NA,"Hardwood",NA,NA
"98","Seattle","Beacon Hill Playfield Outdoor Pickleball and Tennis Courts (Beacon Hill, Seattle)","https://www.seattle.gov/parks/find/parks/beacon-hill-playfield","(206) 684-4075","1902 13th Ave. S, Seattle, WA 98144","Outdoor",NA,NA,"No lights","You will have to bring your own pickleball net.","Street parking.",NA,"The pickleball lines were painted in summer 2021,
                                            but the courts haven't been resurfaced in years.",NA,NA,NA,NA,NA,"Tennis court",NA,NA
"99","Seattle","Bitter Lake ​Community Center (Seattle)","http://www.seattle.gov/parks/find/centers/bitter-lake-community-center","(206) 684-7524","13035 Linden Ave N, Seattle, WA 98133","Indoor","Free","https://www.facebook.com/Bitter-Lake-Community-Center-218180534886443/","3 courts",NA,"Off-street parking next to the community center",NA,"Most Community Center gyms are designed to host many different sports. As a result, the pickleball court line markings on the gym floors can be quite confusing.
                                            If that bothers you, you will be delighted to see that the Bitter Lake Community Center gym pickleball court lines are unambiguously marked.",NA,NA,NA,NA,NA,"Hardwood",NA,NA
"100","Seattle","Bitter Lake​ Outdoor Pickleball and Tennis Courts (Seattle)","http://www.seattle.gov/parks/find/parks/bitter-lake-playfield","(206) 684-7524","13035 Linden Ave N, Seattle, WA 98133","Outdoor","Reservations:
                                            $10/hr as of April 2021
                                            
                                            Free if not reserved.","https://www.facebook.com/pages/Bitter Lake Tennis Courts/938654012992778/","Lighted. The lights were upgraded in January 2023.","At least four
                                            roll-away semi-permanent pickleball nets
                                            are available on the courts.
                                            If you need help with these nets, email
                                            infoseattlemetropickleball.com.
                                            
                                            You can also bring your own pickleball net.","Off-street parking next to the community center",NA,NA,NA,NA,NA,NA,NA,"Tennis court",NA,NA
"101","Seattle","Brighton Playfield​ Outdoor Pickleball and Tennis Courts (Beacon Hill, Seattle)","https://www.seattle.gov/parks/find/parks/brighton-playfield","(206) 684-7524","6000 39th Ave S, Seattle, WA 98118","Outdoor",NA,"https://www.facebook.com/pages/Brighton Playfields/149670815088623/","No lights","One roll-away semi-permanent pickleball net is available.
                                            
                                            Another one should come in the winter.
                                            
                                            Bring your own pickleball net if you have one.","Street parking",NA,"The ""unofficial"" yellow pickleball court lines
                                            that had first
                                            spontaneously generated
                                            on these courts
                                            have been replaced by the Seattle Parks Department
                                            with much less visible blue pickleball lines.",NA,NA,NA,NA,NA,"Tennis court",NA,NA
"102","Seattle","Dearborn Park​ Outdoor Pickleball and Tennis Courts (Beacon Hill, Seattle)","http://www.seattle.gov/parks/find/parks/dearborn-park","(206) 684-7524","2919 S Brandon St, Seattle, WA 98108","Outdoor",NA,"https://www.facebook.com/pages/Dearborn Park/698784547185437/","No lights","You will have to bring your own pickleball net.","Street parking",NA,NA,NA,NA,NA,NA,NA,"Tennis court",NA,NA
"103","Seattle","Delridge ​Community Center (West Seattle)","http://www.seattle.gov/parks/find/centers/delridge-community-center","(206) 684-7423","4501 Delridge Way SW, Seattle, WA 98106","Indoor","Free","https://www.facebook.com/West-Seattle-Community-Centers-103150522160/","3 courts",NA,"Off-street parking",NA,NA,NA,NA,NA,NA,NA,"Hardwood",NA,NA
"104","Seattle","Delridge ​Playfield Tennis and Pickleball Courts (West Seattle)","http://www.seattle.gov/parks/find/parks/delridge-playfield","(206) 684-4075","4501 Delridge Way SW, Seattle, WA 98106","Outdoor","Reservations:
                                            $10/hr as of April 2021
                                            
                                            Free if not reserved.","https://www.facebook.com/pages/Delridge-Playfields/222576364425181/","2 tennis courts or 4 pickleball courts.","Four
                                            roll-away semi-permanent pickleball nets
                                            are available on the courts.
                                            If you need help with these nets, email
                                            infoseattlemetropickleball.com.","Off-street parking",NA,NA,NA,NA,NA,NA,NA,"Asphalt or concrete",NA,NA
"105","Seattle","Discovery Park​ Tennis and Pickleball Courts (Magnolia, Seattle)","http://www.seattle.gov/parks/find/parks/discovery-park","(206) 684-4075","3801 Discovery Park Blvd., Seattle, WA 98199","Outdoor","Free","https://www.facebook.com/DiscoveryParkELC/","2 tennis courts or 4 pickleball courts. No permanent pickleball nets.","Bring your own pickleball net or borrow one from the
                                            Discovery Park Environmental Learning Center.","Off-street parking",NA,NA,NA,NA,NA,NA,NA,"Asphalt or concrete",NA,NA
"106","Seattle","Garfield ​Community Center (Capitol Hill, Seattle)","http://www.seattle.gov/parks/find/centers/garfield-community-center","(206) 684-4788","2323 E Cherry St, Seattle, WA 98122","Indoor",NA,"https://www.facebook.com/GarfieldCommunityCenter","3 courts",NA,NA,NA,NA,NA,NA,NA,NA,NA,"Hardwood",NA,NA
"107","Seattle","Georgetown ​Playfield Tennis and Pickleball Courts (Seattle)","http://www.seattle.gov/parks/find/parks/georgetown-playfield","(206) 684-4075","750 S Homer St., Seattle, WA 98108","Outdoor","Free","https://www.facebook.com/pages/Georgetown-Playfield/103293716400170/","1 tennis court or 4 pickleball courts. Bring your own pickleball net.","You will have to bring your own pickleball net.","On street parking",NA,NA,NA,NA,NA,"Beware of the sun: The Georgetown pickleball courts are oriented East-West.",NA,"Asphalt or concrete",NA,NA
"108","Seattle","Gilman Playground​ Tennis Courts (Ballard, Seattle)","https://www.seattle.gov/parks/find/parks/gilman-playground","(206) 684-4075","923 NW 54th St, Seattle, WA 98107","Outdoor",NA,"https://www.facebook.com/pages/Gilman Playground/...","No lights","One roll-away semi-permanent pickleball net is available.
                                            
                                            Another one should come in the winter.
                                            
                                            Bring your own pickleball net if you have one.","Street parking",NA,NA,NA,NA,NA,NA,NA,"Tennis court",NA,NA
"109","Seattle","Green Lake ​Community Center (Seattle)","http://www.seattle.gov/parks/find/centers/green-lake-community-center","(206) 684-0780","7201 East Green Lake Dr. N, Seattle, WA 98115","Indoor","Free","https://www.facebook.com/GreenLakeCC","2 courts",NA,"Limited off-street parking. 
                                            On street parking",NA,"If you have trouble seeing the ball, the lights might not be on all the way.
                                            Ask the front desk receptionists if they can give you more light.",NA,NA,NA,NA,NA,"Hardwood",NA,NA
"110","Seattle","Green Lake East Pickleball and Tennis Courts  (Seattle)","http://www.seattle.gov/parks/find/parks/green-lake-park
                                            https://www.greenlakepickleball.com.","(206) 684-4075","7201 East Green Lake Dr N, Seattle, WA 98115","Outdoor","Reservations:
                                            $10/hr as of April 2021
                                            
                                            Free if not reserved.","https://www.facebook.com/pages/Green-Lake-Seattle/135915443108458/","3 tennis courts, each with lines for 1 pickleball court on each side of the tennis net,
                                            for a total of
                                            
                                            6 pickleball courts.","There are six
                                            roll-away semi-permanent pickleball nets.
                                            If you need help with those nets, email
                                            infoseattlemetropickleball.com.","Limited off-street parking. 
                                            On street parking",NA,"Players sometimes tape two additional pickleball courts.",NA,NA,NA,NA,NA,"Asphalt or concrete",NA,NA
"111","Seattle","Hiawatha ​Community Center (West Seattle)","http://www.seattle.gov/parks/find/centers/hiawatha-community-center","(206) 684-7441","2700 California Ave SW, Seattle, WA 98116","Indoor","Free","https://www.facebook.com/West-Seattle-Community-Centers-103150522160/","3 courts",NA,NA,NA,NA,NA,NA,NA,NA,NA,"Hardwood",NA,NA
"112","Seattle","High Point ​Community Center (West Seattle)","http://www.seattle.gov/parks/find/centers/high-point-community-center","(206) 684-7422","6920 34th Ave SW, Seattle, WA 98126","Indoor","Free","https://www.facebook.com/West-Seattle-Community-Centers-103150522160/","3 courts",NA,NA,NA,NA,NA,NA,NA,NA,NA,"Hardwood",NA,NA
"113","Seattle","Hing Hay​ Park (Downtown Seattle)","https://www.seattle.gov/parks/find/parks/hing-hay-park","(206) 684-4075","423 Maynard Ave. S, Seattle, WA 98104","Outdoor","Free","https://www.facebook.com/Hing-Hay-Park-1369062383173572/","1 court.",NA,NA,NA,NA,NA,NA,NA,"This public ""court"" is defined by lines etched in the concrete of a public plaza.
                                            There is no fence or barrier around the court, which means that passersby might wander on the court
                                            and your ball might end up under someone's table, in someone's lunch or on the street.
                                            
                                            While pickleball courts measure only 22 feet wide by 44 feet long, they are supposed to be built on
                                            
                                                a minimum playing surface area measuring 30 feet wide
                                                and 60 feet long and a larger size of 40 feet by 64 feet is preferred
                                            .
                                            Unfortunately, the designers of the Hing Hay Park court don't seem to have been aware
                                            of the need to provide a playing area larger than the court itself.
                                            Click on
                                            the camera symbol above to see a picture of the court.
                                            
                                            Two tall poles can be used to attach a badminton or pickleball net. No net was available when we visited,
                                            but you might be able to get one by contacting
                                            Lisa Nielsen,
                                            Senior Recreation Program Director,
                                            Seattle Parks and Recreation.
                                            Email: Lisa.Nielsen@seattle.gov. Phone: (206) 684-7710.",NA,"Concrete",NA,NA
"114","Seattle","International District/Chinatown Community Center (Seattle)","http://www.seattle.gov/parks/find/centers/international-districtchinatown-community-center","(206) 233-0042","719 8th Ave S, Seattle, WA 98104","Indoor","Free","https://www.facebook.com/International-District-Community-Center-103675689707536/","3 courts",NA,NA,NA,NA,NA,NA,NA,NA,NA,NA,NA,NA
"115","Seattle","Jefferson ​Community Center (Beacon Hill, Seattle)","http://www.seattle.gov/parks/find/centers/jefferson-community-center","(206) 684-7481","3801 Beacon Ave S, Seattle, WA 98108","Indoor","Free","https://www.facebook.com/Jefferson-Community-Center-453350118011001/","3 courts",NA,"Off-street parking next to the community center",NA,NA,NA,NA,NA,NA,NA,"Hardwood",NA,NA
"116","Seattle","Kinnear Park (Queen Anne, Seattle)","http://www.seattle.gov/parks/find/parks/kinnear-park","(206) 684-4075","899 W Olympic Pl., Seattle, WA 98119","Public outdoor court","Free","https://www.facebook.com/pages/Kinnear-Park/139871399385646","1 court",NA,"On street parking",NA,NA,NA,NA,NA,"Public outdoor tennis court, also lined as one pickleball court.
                                            The pickleball baselines had not been painted the last time we checked.",NA,"Asphalt or concrete",NA,NA
"117","Seattle","Lakeridge Pickleball and Badminton Courts (Seattle)","https://www.seattle.gov/parks/find/parks/lakeridge-playfield",NA,"10145 Rainier Ave. S, Seattle, WA 98178","Public outdoor courts","Free","Lakeridge Pickleball Club Facebook group","2 courts","Permanent nets are provided.
                                            The net poles are taller than usual to allow the nets to be raised for badminton or lowered for pickleball.
                                            As of spring 2022, the mechanism to raise the nets was broken and the nets stuck in the pickleball position.","On street parking. Pay close attention to the parking signs!",NA,"As of summer 2022, pickleball players had taped a third court on the adjacent basketball court.",NA,NA,NA,NA,NA,"Asphalt or concrete",NA,NA
"118","Seattle","Laurelhurst Pickleball Court (Seattle)","http://www.seattle.gov/parks/find/parks/laurelhurst-playfield",NA,"4339 NE 43rd St, Seattle, WA 98105","Public outdoor court","Free","https://www.facebook.com/LaurelhurstCC","1 court","A permanent net is provided.","Off street parking at the Laurelhurst Community Center",NA,"Renovated summer 2021.",NA,NA,NA,NA,NA,"Asphalt or concrete",NA,NA
"119","Seattle","Loyal Heights ​Community Center (Seattle)","http://www.seattle.gov/parks/find/centers/loyal-heights-community-center","(206) 684-4052","2101 NW 77th St, Seattle, WA 98117","Indoor","Free","https://www.facebook.com/LoyalHeightsCC","3 courts",NA,"On street parking",NA,NA,NA,NA,NA,NA,NA,"Hardwood",NA,NA
"120","Seattle","Magnolia ​Community Center (Magnolia, Seattle)","http://www.seattle.gov/parks/find/centers/magnolia-community-center","(206) 386-4235","2550 34th Ave W, Seattle, WA 98199","Indoor","Free","https://www.facebook.com/magnoliacommunity/",NA,NA,NA,NA,NA,NA,NA,NA,NA,NA,NA,NA,NA
"121","Seattle","Magnolia Playfield Pickleball and Tennis Courts (Magnolia, Seattle)","https://www.seattle.gov/parks/find/parks/magnolia-playfield",NA,"2518 34th Ave. W, Seattle, WA 98199","Public outdoor courts","Free if not reserved","https://www.facebook.com/pages/West-Magnolia-playfield/125402300843420","4 tennis courts, each sporting lines for 2 pickleball courts for a total of
                                            
                                            8 pickleball courts","Two roll-away semi-permanent pickleball nets are available.
                                            
                                            Bring your own pickleball net if you have one.",NA,NA,NA,NA,NA,NA,NA,NA,"Asphalt or concrete",NA,NA
"122","Seattle","Magnuson ​Community Center (Seattle)","http://www.seattle.gov/parks/find/centers/magnuson-community-center","(206) 684-7026","7110 62nd Ave NE, Seattle, WA 98115","Indoor","Free","https://www.facebook.com/Magnuson-Community-Center-413164202029354/","3 courts",NA,NA,NA,NA,NA,NA,NA,NA,NA,"Hardwood",NA,NA
"123","Seattle","Magnuson Park Building 30 Hangar​ (Seattle)","https://www.seattle.gov/parks/reserve/indoor-event-rentals/magnuson-park-event-space-reservations","(206) 684-4080, x3","6310 NE 74th St, Seattle, WA 98115","Indoor","Free","https://www.facebook.com/pages/Magnuson%20Park%20Hangar%2030/1421070217952918//","3",NA,NA,NA,"Lots of room around the courts but more distance to fetch balls.
                                            
                                            
                                            Players are allowed in thru the south doors even though the building is closed due to covid.",NA,NA,NA,NA,NA,"Court Surface: concrete",NA,NA
"124","Seattle","Magnuson ​Park Old Outdoor Tennis Courts (Seattle)","https://www.seattle.gov/parks/find/parks/magnuson-park","(206) 684-4946","7400 Sand Point Way Northeast, Seattle, WA 98115","Outdoor","Free","https://www.facebook.com/pages/Warren-G-Magnuson-Park/1940507726216697/","6 tennis courts",NA,NA,NA,"These are very old tennis courts that probably date back to when
                                            this park was a military base. The court surface has numerous cracks
                                            and has not been maintained in ages. These courts don't seem to be
                                            part of the
                                            Seattle Parks and Recreation department official list of tennis courts.
                                            
                                            As of mid-June 2018, pickleball players are marking some of those
                                            tennis courts for pickleball play.",NA,"Use the
                                            North Seattle Pickleball Players Facebook group
                                            to find other players at this location.",NA,NA,NA,"Asphalt",NA,NA
"125","Seattle","​Maple Leaf Reservoir Park (Seattle)","http://www.seattle.gov/parks/find/parks/maple-leaf-reservoir-park","(206) 684-4075","1020 NE 82nd St., Seattle, WA 98115","Public outdoor courts","Free","https://www.facebook.com/groups/1452...","2 courts with permanent pickleball nets.",NA,"On street parking",NA,NA,NA,NA,NA,"Public outdoor unfenced pickleball courts.
                                            East-West orientation instead of the recommended North-South orientation.
                                            A pedestrian path passes right behind the West baselines.
                                            Beware of collision potential with toddlers, trikes, etc...",NA,NA,NA,NA
"126","Seattle","Meadowbrook ​Community Center (Seattle)","http://www.seattle.gov/parks/find/centers/m...","(206) 684-7522","10517 35th Ave NE, Seattle, WA 98125","Indoor","Free","https://www.facebook.com/Meadowbrook...","3 courts",NA,"Off-street parking next to the community center",NA,NA,NA,NA,NA,NA,NA,"Hardwood",NA,NA
"127","Seattle","Miller ​Community Center (Capitol Hill, Seattle)","http://www.seattle.gov/parks/find/centers/miller-community-center","(206) 684-4753","330 19th Ave E, Seattle, WA 98112","Indoor",NA,"https://www.facebook.com/Miller-Community-Center-214925651885164/","3 courts",NA,"Off-street parking next to the community center. Upper parking lot entrance on 19th Ave E. Lower parking lot entrance on 20th Ave E.",NA,"If you have trouble seeing the ball, the lights might not be on all the way.
                                            Ask the front desk receptionists if they can give you more light.",NA,"Players email list:
                                            Mid-town Pickle Ball",NA,NA,NA,"Hardwood",NA,NA
"128","Seattle","Miller ​Playfield Tennis and Pickleball Courts (Capitol Hill, Seattle)","https://www.seattle.gov/parks/find/parks/miller-playfield","(206) 684-4753","330 19th Ave E, Seattle, WA 98112","Outdoor","Reservations:
                                            $10/hr as of April 2021
                                            
                                            Free if not reserved.","https://www.facebook.com/Miller-Community-Center-214925651885164/","Lighted
                                            
                                            The lights were fixed during summer 2021,
                                            and a lot of tree branches that had grown
                                            in front of the lights have been cut back.","There are four
                                            roll-away semi-permanent pickleball nets.
                                            
                                            If you need help with these nets, email
                                            infoseattlemetropickleball.com.","Off-street parking next to the community center. Upper parking lot entrance on 19th Ave E. Lower parking lot entrance on 20th Ave E.",NA,"Pickleball players gather here regularly all year.","Restroom
                                            
                                            
                                            
                                            
                                            
                                            
                                            Located to the left of the community center's lowest level entrance
                                            
                                                
                                            
                                            We have heard several reports of this restroom being locked and unavailable.","Players email list:
                                            Mid-town Pickle Ball","Water fountain",NA,NA,"Asphalt or concrete",NA,NA
"129","Seattle","Montlake ​Community Center (Seattle)","http://www.seattle.gov/parks/find/centers/montlake-community-center","(206) 684-4736","1618 E Calhoun St, Seattle, WA 98112","Indoor","Free","https://www.facebook.com/Montlake-Community-Center-161602093891155/","2 courts",NA,"Off-street parking next to the community center. Entrance at the intersection of E Calhoun St and 16th Ave E.",NA,NA,NA,"Players email list:
                                            Mid-town Pickle Ball",NA,NA,NA,"Hardwood",NA,NA
"130","Seattle","Montlake ​Playfield Multi-sport Court(Seattle)","http://www.seattle.gov/parks/find/parks/montlake-playfield",NA,"1618 E Calhoun St, Seattle, WA 98112","Outdoor","Free","https://www.facebook.com/pages/Montlake-Playfield/135165053181980","1 court. No permanent pickleball net.
                                            ,","The Montlake Playfield has an unfenced sports court that is marked for pickleball amongst other sports. You will have to bring your own net or borrow one from the
                                            Montlake Community Center.",NA,NA,NA,NA,"Players email list:
                                            Mid-town Pickle Ball",NA,NA,NA,NA,NA,NA
"131","Seattle","Mount Baker​ Pickleball and Tennis Courts (Mount Baker, Seattle)","http://www.seattle.gov/parks/find/parks/mount-baker-park","(206) 684-4081","Lake Park Dr S, Seattle, WA 98144","Outdoor","Reservations:
                                            $10/hr as of October 2021
                                            
                                            Free if not reserved.",NA,"Lighted from about March through October","There are two semi-permanet nets available.
                                            
                                            Bring your own pickleball net if you have one.","Limited off-street parking directly east of the courts.",NA,NA,"Restroom
                                            
                                            
                                            Portable toilet located in the park, south of the courts.",NA,NA,NA,NA,"Asphalt or concrete",NA,NA
"132","Seattle","Northgate ​Community Center (Northgate, Seattle)","http://www.seattle.gov/parks/find/centers/northgate-community-center","(206) 386-4283","10510 5th Ave NE, Seattle, WA 98125","Indoor","Free","https://www.facebook.com/Northgate-Community-Center-63872737623/",NA,NA,NA,NA,NA,NA,NA,NA,NA,NA,NA,NA,NA
"133","Seattle","North Seattle Sports Garage​ (Seattle)","https://www.nwcoastalhoops.com/","(206) 906-9730","927 N 128th St, Seattle, WA 98133","Indoor","As of November 2022, pickleball is by appointment only.",NA,"3 courts",NA,"Limited off-street parking.","nwcoastal206@gmail.com",NA,NA,NA,NA,NA,NA,"Hardwood",NA,NA
"134","Seattle","Observatory Courts (Queen Anne, Seattle)","http://www.seattle.gov/parks/find/parks/observatory-courts","(206) 684-4075","1405 Warren Ave. N, Seattle, WA 98109","Public outdoor court","Free","https://www.facebook.com/pages/Observatory-Courts/109499202589647","2 courts",NA,"On street parking",NA,NA,NA,NA,NA,"Public outdoor tennis courts each also lined as one pickleball court.
                                            
                                            Beware of the sun: One of the two courts is oriented East-West instead of North-South.",NA,"Asphalt or concrete",NA,NA
"135","Seattle","Queen Anne Community Center (Seattle)","http://www.seattle.gov/parks/find/centers/queen-anne-community-center","(206) 386-4240","1901 1st Ave W, Seattle, WA 98119","Indoor","Free","https://www.facebook.com/Queen-Anne-Community-Center-360536030690424/","4 courts",NA,"On street parking",NA,NA,NA,NA,NA,NA,NA,"Hardwood",NA,NA
"136","Seattle","Rainier Community Center (Columbia City, Seattle)","http://www.seattle.gov/parks/find/centers/rainier-community-center","(206) 386-1919","4600 38th Ave S, Seattle, WA 98118","Indoor","Free","https://www.facebook.com/RainierCommunityCenter/","6 courts, sometimes limited to 3",NA,"Off-street parking next to the community center. Entrance on 38th Ave S.",NA,NA,NA,NA,NA,NA,NA,"Hardwood",NA,NA
"137","Seattle","Rainier Beach Playfield​ Pickleball and Tennis Courts (South Seattle)","https://www.seattle.gov/parks/find/parks/rainier-beach-playfield","(206) 684-4075","4707 S Cloverdale St, Seattle, WA 98118","Outdoor",NA,"https://www.facebook.com/pages/Rainier-Beach-Playfield/...
                                            
                                                Rainier Beach Pickleball Club Facebook group","4 tennis courts or 8 pickleball courts.","As of October 2022, there are no semi-permanent nets.
                                            You will have to bring your own pickleball net.
                                            
                                            Seattle Parks said they will order four semi-permanent nets.",NA,NA,NA,NA,NA,NA,NA,NA,"Tennis court",NA,"Lighted"
"138","Seattle","Ravenna-Eckstein ​Community Center (Ravenna, Seattle)","http://www.seattle.gov/parks/find/centers/ravenna-eckstein-community-center","(206) 684-7534","6535 Ravenna Ave NE, Seattle, WA 98115","Indoor","Free","https://www.facebook.com/Ravenna-Eckstein-Community-Center-152847138113639/","3 courts",NA,"Limited off-street parking next to the community center",NA,NA,NA,NA,NA,NA,NA,"Hardwood",NA,NA
"139","Seattle","The Salvation Army Seattle White Center Community Center (White Center, Seattle)","https://tsawhitecenter.org/","(206) 767-3150","9050 16th Ave SW, Seattle, WA 98106","Indoor","Estimated Cost:
                                            
                                                $10 a month
                                            
                                            or
                                            
                                                $4 a day
                                            
                                            as of December 2021.","https://www.facebook.com/SalvationArmySeattleWhiteCenter/","4 courts",NA,NA,"info@tsawhitecenter.org",NA,NA,NA,NA,NA,NA,"Hardwood",NA,NA
"140","Seattle","Soundview ​Playfield Tennis and Pickleball Courts (Crown Hill, Seattle)","http://www.seattle.gov/parks/find/parks/soundview-playfield","(206) 684-4075","1590 NW 90th St., Seattle, WA 98117","Outdoor","Reservations:
                                            $10/hr as of April 2021
                                            
                                            Free if not reserved.","https://www.facebook.com/pages/Soundview-Playfield/480937885334839/","2 tennis courts or 4 pickleball courts. Bring your own pickleball net.","You will have to bring your own pickleball net","Off-street parking on 15th Ave NW and on NW 90th St.",NA,NA,NA,NA,NA,NA,NA,"Asphalt or concrete",NA,NA
"141","Seattle","SouthWest Teen Life Center (West Seattle)","http://www.seattle.gov/parks/find/teen-programs","(206) 684-7438","2801 SW Thistle St, Seattle, WA 98126","Indoor",NA,"https://www.facebook.com/SouthwestTeenLifeCenter",NA,NA,NA,NA,NA,NA,NA,NA,NA,NA,NA,NA,NA
"142","Seattle","South Park ​Community Center (South Park, Seattle)","http://www.seattle.gov/parks/find/centers/south-park-community-center","(206) 684-7451","8319 8th Ave S, Seattle, WA 98108","Indoor","Free","https://www.facebook.com/pages/South-Park-Community-Center/199537956756115","3 courts",NA,"Limited off-street parking next to the community center.",NA,NA,NA,NA,NA,NA,NA,NA,NA,NA
"143","Seattle","South Park ​Playground Tennis and Pickleball Courts (South Park, Seattle)","https://www.seattle.gov/parks/find/parks/south-park-playground","(206) 684-4075","8319 8th Ave S, Seattle, WA 98108","Outdoor","Free","https://www.facebook.com/pages/South-Park-Playground/267989583374595/","1 tennis court or 2 pickleball courts. No permanent pickleball nets.","Bring your own pickleball net or borrow one from the
                                            South Park Community Center
                                            when it is open.","Limited off-street parking next to the community center.",NA,NA,NA,NA,NA,"These courts are located right by a busy highway with a lot of truck traffic.
                                            If you enjoy the smell of diesel exhaust, you should definitely give this location a try.
                                            
                                            There is a basketball hoop at one end of each pickleball court.
                                            Running into it could be dangerous.",NA,"Asphalt or concrete",NA,NA
"144","Seattle","Van Asselt ​Community Center (Beacon Hill/New Holly, Seattle)","http://www.seattle.gov/parks/find/centers/van-asselt-community-center","(206) 386-1921","2820 S Myrtle St, Seattle, WA 98108","Indoor","Free","https://www.facebook.com/VanAsseltCC","3 courts",NA,"Off-street parking next to the community center. Access via South Frontenac Street.",NA,NA,NA,NA,NA,"There is not enough space behind some of the
                                            baselines of the Van Asselt Community Center pickleball courts.
                                            This can make it difficult to serve and to return balls that bounce close to the baseline.",NA,"Hardwood",NA,NA
"145","Seattle","View Ridge Swim and Tennis Club  ​(Seattle)","http://vrstc.org","(206) 524-3500","5815 NE 77th St, Seattle, WA 98115","Outdoor","$$$, Members and guests only.","https://www.facebook.com/View-Ridge-Swim-and-Tennis-Club-481904695229985","1 pickleball court",NA,NA,NA,NA,NA,NA,NA,"Private outdoor unfenced pickleball court.",NA,NA,NA,NA
"146","Seattle","Walt Hundley​ Playfield Tennis and Pickleball Courts (West Seattle)","https://www.seattle.gov/parks/find/parks/walt-hundley-playfield",NA,"6920 34th Ave SW, Seattle, WA 98126","Outdoor","Reservations:
                                            $10/hr as of April 2021
                                            
                                            Free if not reserved.","https://www.facebook.com/pages/Walt-Hundley-Playfield/211753668892763","2 tennis courts or 4 pickleball courts.","Four
                                            roll-away semi-permanent pickleball nets
                                            are available on the courts.
                                            If you need help with these nets, email
                                            infoseattlemetropickleball.com.","Street Parking",NA,NA,NA,NA,NA,NA,NA,"Asphalt or concrete",NA,NA
"147","Seattle","​Webster Park (Ballard, Seattle)","http://www.seattle.gov/parks/find/parks?filterTerm=Webster&searchType=Name&centerX=&centerY=",NA,"1020 NE 82nd St., Seattle, WA 98115","Outdoor","Free","https://www.facebook.com/pages/Webster-Park/118614788214135","public multi-purpose outdoor sports field with one chalked pickleball court.","You will have to bring your own pickleball net","On street parking",NA,NA,NA,NA,NA,NA,NA,"Asphalt",NA,NA
"148","Seattle","North East Seattle Together (NEST) at the Wedgwood Presbyterian Church Parking Lot (Seattle)","https://www.nestseattle.org/","206-525-6378","8008 35th Ave NE, Seattle, WA 98115","Outdoor",NA,"https://www.facebook.com/NorthEastSeattleTogether/","3 courts",NA,NA,NA,NA,NA,NA,NA,NA,NA,NA,NA,NA
"149","Seattle","West Seattle Family YMCA (West Seattle)","https://www.seattleymca.org/locations/west-seattle-fauntleroy-ymca","(206) 935-6000","3622 SW Snoqualmie St, Seattle, WA 98126","Indoor","Free for members, daily fee for non-members.","https://www.facebook.com/WestSeattleYMCA/",NA,NA,NA,NA,NA,NA,NA,NA,NA,NA,NA,NA,NA
"150","Seattle","Yesler​ Community Center (Seattle)","http://www.seattle.gov/parks/find/centers/yesler-community-center","(206) 386-1245","917 E Yesler Way, Seattle, WA 98122","Indoor","Free","https://www.facebook.com/yeslercc/","3 courts",NA,"Off-street parking under and next to the community center.
                                            
                                            Access to the parking lot is via 10th Avenue South.",NA,NA,NA,NA,NA,NA,NA,"Hardwood",NA,NA
"151","Shoreline","Dale Turner Family YMCA (Shoreline)","http://www.seattleymca.org/locations/dale-turner-family-ymca","(206) 363-0446","19290 Aurora Ave N, Shoreline, WA 98133","Indoor","Free for members, daily fee for non-members.","https://www.facebook.com/DaleTurnerFamilyYMCA",NA,NA,NA,NA,NA,NA,NA,NA,NA,NA,NA,NA,NA
"152","Shoreline","Hillwood Park (Shoreline)","http://www.shorelinewa.gov/Home/Co...","(206) 801-2600","City Park, Shoreline, WA 98177","Outdoor","Free",NA,"2 public tennis courts with painted lines for 4 pickleball courts.","You will have to bring your own portable pickleball nets.","Off-street parking",NA,NA,NA,NA,NA,NA,NA,"Asphalt or concrete",NA,NA
"153","Shoreline","Richmond Beach Community Park (Shoreline)","http://www.shorelinewa.gov/Home/Co...","(206) 801-2600","2201 NW 197th St, Shoreline, WA 98177","Outdoor","Free",NA,"No lights","You will have to bring your own portable pickleball nets.","Off-street parking",NA,NA,NA,NA,NA,NA,NA,"Asphalt or concrete",NA,NA
"154","Shoreline","Shoreline ​Spartan Recreation Center (Shoreline)","http://www.shorelinewa.gov/government/departm...","(206) 801-2600","202 NE 185th Street, Shoreline, WA 98155","Indoor","$","https://www.facebook.com/shorelineparksandrec","3",NA,NA,NA,"If you are going to use three courts, use the ones that are closest to the registration desk as they will have
                                            a little extra space behind the baseline closest to a wall.
                                            Bring down the curtains in the ""middle"" of the room so you don't have to chase balls through the whole gym. (Thanks to Pax for sharing this information.)",NA,NA,NA,"The pickleball courts in the Shoreline Spartan Recreation Center's gym are laid out
                                            in such a way that there is not enough space behind some of the
                                            baselines.
                                            This can make it difficult to serve and to return balls that bounce close to the baseline.",NA,"Hardwood",NA,NA
"155","Shoreline","Shoreline ​Park (Shoreline)","http://www.shorelinewa.gov/Home/Co...","(206) 801-2600","19030 1st Ave NE, Seattle, WA 98155","Outdoor","Reservations:
                                            $9/hr as of October 2021
                                            
                                            Free if not reserved.",NA,"Lighted","There are four
                                            roll-away semi-permanent pickleball nets.
                                            If you need help with those nets, email
                                            infoseattlemetropickleball.com.
                                            
                                            You can also bring your own pickleball net.","Off-street parking",NA,"Due to the normal activity at this park, it is recommended to reserve courts.
                                            This must be done 7+ days ahead of time otherwise it's first-come first-served.
                                            
                                            You can check online
                                            to see if the courts have been reserved.","Restroom",NA,"Water fountain",NA,NA,"Asphalt or concrete",NA,NA
"156","Shoreline","Shoreview ​Park (Shoreline)","http://www.shorelinewa.gov/Home/Comp...","(206) 801-2600","700 NW Innis Arden Way, Seattle, WA 98177","Outdoor","Reservations:
                                            $9/hr as of October 2021
                                            
                                            Free if not reserved.",NA,"No lights","There are four
                                            roll-away semi-permanent pickleball nets.
                                            If you need help with those nets, email
                                            infoseattlemetropickleball.com.
                                            
                                            You can also bring your own pickleball net.","Off-street parking",NA,"There are 6 tennis courts. The ones on the Southeast have pickleball lines.
                                            
                                            You can reserve the courts. This must be done 7+ days ahead of time otherwise it's first-come first-served.
                                            
                                            You can check online
                                            to see if the courts have been reserved.","Restroom",NA,"Water fountain",NA,NA,"Asphalt or concrete",NA,NA
"157","Shoreline","Twin Ponds ​Park (Shoreline)","https://www.shorelinewa.gov/Home/Comp...","(206) 801-2600","15401 1st Ave NE, Shoreline, WA 98155","Outdoor","Reservations:
                                            $8/hr as of September 2020
                                            
                                            Free if not reserved.",NA,"No lights","Bring your own pickleball net.","Off-street parking",NA,NA,"Restroom",NA,NA,NA,NA,"Asphalt or concrete",NA,NA
"158","Snohomish","Pilchuck​ Park (Snohomish)","http://www.ci.snohomish.wa.us/facilities/facility/...",NA,"169 Cypress Ave, Snohomish, WA 98290","Outdoor","Free","https://www.facebook.com/pages/Pilchuck-Park/108745445849607","2 tennis courts with pickleball lines",NA,"Off-street parking",NA,"The tennis courts have been striped for pickleball",NA,NA,NA,NA,NA,NA,NA,NA
"159","Snohomish","Snohomish Boys and Girls Club (Snohomish)",NA,"(360) 568-7760","402 2nd St, Snohomish, WA 98290","Indoor","Estimated Cost: $3.",NA,NA,NA,NA,NA,"Jim says: ""Sunny weather play is at Pilchuck Park, across the street""[ish].",NA,NA,NA,NA,NA,NA,NA,NA
"160","Snoqualmie","Crestview Park (Snoqualmie)","https://www.snoqualmiewa.gov/.../Snoqualmie-Community-Park-56",NA,"6700 E Crest View Loop SE, Snoqualmie, WA 98065","Outdoor","Free",NA,"No lights","Taped lines for 1 pickleball court on a basketball court.
                                            Bring your own pickleball net.","Street parking",NA,NA,NA,NA,NA,NA,NA,NA,NA,NA
"161","Snoqualmie","Fisher Creek Park (Snoqualmie)","https://www.snoqualmiewa.gov/.../Snoqualmie-Community-Park-63",NA,"7805 Fisher Ave SE, Snoqualmie, WA 98065","Outdoor","Free",NA,"No lights","Painted lines for 2 pickleball courts on a basketball court.
                                            Bring your own pickleball net.","Off-Street Parking",NA,NA,NA,NA,NA,NA,NA,NA,NA,NA
"162","Snoqualmie","Snoqualmie Community Park (Snoqualmie)","https://www.snoqualmiewa.gov/.../Snoqualmie-Community-Park-11",NA,"35016 SE Ridge St, Snoqualmie, WA 98065","Outdoor","Free",NA,"No lights","Use the tennis net as a pickleball net","Off-street parking",NA,NA,NA,NA,NA,NA,NA,NA,NA,NA
"163","Snoqualmie","Snoqualmie Valley YMCA (Snoqualmie)","https://www.seattleymca.org/locations/snoqualmie-valley-ymca","(425) 256-3115","35018 SE Ridge St, Snoqualmie, WA 98065","Indoor","Free for members, daily fee for non-members.","https://www.facebook.com/SnoqualmieValleyYMCA/",NA,NA,NA,NA,NA,NA,NA,NA,NA,NA,NA,NA,NA
"164","Snoqualmie","Swenson Park (Snoqualmie)","https://www.snoqualmiewa.gov/.../Snoqualmie-Community-Park-13",NA,"35007 SE Swenson St, Snoqualmie, WA 98065","Outdoor","Free",NA,"No lights","Painted lines for 3 pickleball courts on a basketball court.
                                            Bring your own pickleball net.","Off-Street Parking",NA,NA,NA,NA,NA,NA,NA,NA,NA,NA
"165","Tukwila","Crystal Springs Park (Tukwila)","https://www.tukwilawa.gov/departments/parks-and-recreation/parks-and-trails/crystal-springs-park/",NA,"15832 51st Ave S, Tukwila, WA 98188","Outdoor","Free",NA,"1 tennis court lined for pickleball using the tennis net","Use the tennis net as a pickleball net",NA,NA,NA,NA,NA,NA,NA,NA,NA,NA,NA
"166","Tukwila","Joseph Foster Memorial Park (Tukwila)","https://www.tukwilawa.gov/departments/parks-and-recreation/parks-and-trails/joseph-foster-memorial-park/",NA,"13919 53rd Ave S, Tukwila, WA 98168","Outdoor","Free",NA,"1 court",NA,NA,NA,NA,NA,NA,NA,"There is not enough space behind some of the
                                            baselines.
                                            This can make it difficult to serve and to return balls that bounce close to the baseline.",NA,NA,NA,NA
"167","Tukwila","Tukwila​ Community Center","http://www.tukwilawa.gov/departments/parks-and-recreation/","(206) 768-2822","12424 42nd Ave S, Tukwila, WA 98168","indoor","$5, free for Fitness Pass holders as of early 2019","https://www.facebook.com/pages/Tukwila-Community-Center/1117184055326317","3",NA,"Off-street parking",NA,"A lot of room all around each court",NA,NA,NA,NA,NA,NA,NA,NA
"168","Tukwila","Tukwila Park (Tukwila)","https://www.tukwilawa.gov/departments/parks-and-recreation/parks-and-trails/tukwila-park/",NA,"15460 65th Ave S, Tukwila, WA 98188","Outdoor","Free",NA,"2 tennis courts, each one of them lined for pickleball using the tennis net.","Use the tennis net as a pickleball net",NA,NA,NA,NA,NA,NA,NA,NA,NA,NA,NA
"169","Woodinville","Cottage Lake​ Park (Woodinville)","http://parkstrails.myparksandrecreation.com/,,,",NA,"18801 NE Woodinville-Duvall Rd, Woodinville, WA 98072","Outdoor","Free","https://www.facebook.com/pages/Cottage-Lake-Park/202900713057678?fref=ts","2 courts.","The Cottage Lake Park sports court is marked for pickleball amongst other sports. You will have to bring your own net.",NA,NA,NA,NA,NA,NA,NA,NA,NA,NA,NA
"170","Woodinville","Woodinville Sports Club","https://www.woodinvillesportsclub.com/","(425) 487-1090","15327 140th Pl NE, Woodinville, WA 98072","Indoor","$$ 
                                            Estimated cost:
                                            
                                                    $15 for guests
                                                
                                                
                                                    $$ for members
                                                
                                            
                                            Call to confirm.","https://www.facebook.com/WoodinvilleSportsClub","8",NA,NA,"info@woodinvillesportsclub.com",NA,NA,NA,NA,NA,NA,"Asphalt or concrete",NA,NA
"171","Woodinville","The Y at the Carol Edwards Center (Woodinville)","http://www.seattleymca.org/locations/northshore-ymca","(425) 286-6122","17401 133rd Avenue NE, Woodinville, WA 98072","Indoor","$$ 
                                            Estimated cost:
                                            
                                                    Free for members of the Northshore YMCA
                                                
                                                
                                                    $5 for non-members who are Woodinville residents (must show proof of address)
                                                
                                                
                                                    a $16 Northshore YMCA day pass is required for all others.
                                                    This pass is good all day at both the Northshore YMCA and the Y at the Carol Edwards Center.
                                                

                                            
                                            Call to confirm.","https://www.facebook.com/pages/Carol-Edwards-Center/159605117407138","1",NA,NA,NA,NA,NA,NA,NA,NA,NA,NA,NA,NA
